Date/Time,Hs (m),Hmax (m),Tz (s),Tp (s),Peak Direction (degrees),SST (degrees C)
01/01/2022 00:00,2.477,4.11,6.136,8.23,90.0,25.75
01/01/2022 00:30,2.259,3.24,5.871,8.179,98.0,25.75
01/01/2022 01:00,2.268,4.28,5.752,8.174,87.0,25.8
01/01/2022 01:30,2.452,3.97,5.987,8.719,80.0,25.8
01/01/2022 02:00,2.26,3.514,5.824,8.654,90.0,25.75
01/01/2022 02:30,2.386,3.77,6.16,8.895,90.0,25.75
01/01/2022 03:00,2.462,4.49,6.032,8.73,84.0,25.8
01/01/2022 03:30,2.321,3.64,6.11,8.255,80.0,25.75
01/01/2022 04:00,2.481,4.742,6.23,8.586,83.0,25.75
01/01/2022 04:30,2.292,4.01,5.966,8.589,83.0,25.75
01/01/2022 05:00,2.393,4.12,6.25,7.865,91.0,25.75
01/01/2022 05:30,2.376,4.0,5.991,8.612,92.0,25.75
01/01/2022 06:00,2.493,3.85,6.348,8.619,84.0,25.75
01/01/2022 06:30,2.557,4.87,6.104,8.84,77.0,25.75
01/01/2022 07:00,2.495,4.618,6.035,9.088,81.0,25.75
01/01/2022 07:30,2.438,3.66,6.216,8.472,84.0,25.75
01/01/2022 08:00,2.477,4.66,6.447,8.554,83.0,25.75
01/01/2022 08:30,2.728,4.11,6.696,8.97,92.0,25.75
01/01/2022 09:00,2.55,4.38,6.618,9.367,84.0,25.75
01/01/2022 09:30,2.53,3.67,6.41,9.14,83.0,25.75
01/01/2022 10:00,2.592,4.36,6.688,9.409,84.0,25.75
01/01/2022 10:30,2.789,4.98,6.733,9.031,78.0,25.8
01/01/2022 11:00,2.57,4.21,6.499,9.687,84.0,25.8
01/01/2022 11:30,2.712,4.188,6.714,9.012,85.0,25.8
01/01/2022 12:00,2.649,4.06,6.658,9.878,83.0,25.85
01/01/2022 12:30,2.889,4.67,7.011,8.907,84.0,25.8
01/01/2022 13:00,2.687,4.65,6.711,9.726,78.0,25.85
01/01/2022 13:30,2.565,4.01,6.612,9.192,84.0,25.85
01/01/2022 14:00,2.794,4.75,6.773,9.695,83.0,25.8
01/01/2022 14:30,2.586,4.63,6.64,10.015,73.0,25.8
01/01/2022 15:00,2.822,4.763,6.519,9.253,66.0,25.8
01/01/2022 15:30,2.707,4.16,6.978,9.691,87.0,25.8
01/01/2022 16:00,2.737,4.763,6.827,9.041,70.0,25.8
01/01/2022 16:30,2.706,4.746,6.88,9.803,80.0,25.75
01/01/2022 17:00,2.635,4.72,6.701,8.917,71.0,25.8
01/01/2022 17:30,2.558,4.12,6.697,10.02,73.0,25.8
01/01/2022 18:00,2.651,3.94,6.947,9.763,80.0,25.75
01/01/2022 18:30,2.602,5.17,7.003,9.719,71.0,25.75
01/01/2022 19:00,2.438,3.784,6.876,9.933,71.0,25.75
01/01/2022 19:30,2.253,3.18,6.764,9.596,74.0,25.7
01/01/2022 20:00,2.574,4.0,6.961,9.81,75.0,25.7
01/01/2022 20:30,2.335,3.04,6.963,9.781,78.0,25.65
01/01/2022 21:00,2.284,3.86,6.758,9.39,80.0,25.65
01/01/2022 21:30,2.263,3.92,6.782,10.228,83.0,25.65
01/01/2022 22:00,2.491,3.576,6.954,8.991,78.0,25.65
01/01/2022 22:30,2.406,4.03,6.732,9.757,77.0,25.65
01/01/2022 23:00,2.371,3.98,7.094,9.963,74.0,25.6
01/01/2022 23:30,2.407,3.85,6.462,8.946,71.0,25.55
01/02/2022 00:00,2.522,5.21,7.343,10.233,71.0,25.55
01/02/2022 00:30,2.345,3.78,6.743,9.401,83.0,25.5
01/02/2022 01:00,2.507,4.21,7.259,9.932,84.0,25.45
01/02/2022 01:30,2.609,4.7,7.141,10.217,74.0,25.45
01/02/2022 02:00,2.614,4.24,7.202,10.294,74.0,25.5
01/02/2022 02:30,2.815,4.6,7.113,10.275,75.0,25.5
01/02/2022 03:00,2.794,4.45,7.763,10.4,75.0,25.5
01/02/2022 03:30,2.549,3.61,6.903,10.358,71.0,25.5
01/02/2022 04:00,2.774,4.97,7.576,10.297,85.0,25.5
01/02/2022 04:30,2.849,4.61,7.077,10.442,77.0,25.5
01/02/2022 05:00,2.512,3.96,6.737,10.727,77.0,25.5
01/02/2022 05:30,2.687,4.09,6.902,10.22,75.0,25.5
01/02/2022 06:00,2.898,4.96,7.151,10.891,71.0,25.5
01/02/2022 06:30,2.856,4.48,7.427,10.526,70.0,25.5
01/02/2022 07:00,2.584,3.94,6.961,9.413,77.0,25.5
01/02/2022 07:30,2.884,4.56,7.557,10.679,68.0,25.5
01/02/2022 08:00,3.006,4.98,7.599,9.899,77.0,25.5
01/02/2022 08:30,3.063,4.97,7.796,10.759,90.0,25.55
01/02/2022 09:00,2.791,4.26,7.237,10.664,73.0,25.55
01/02/2022 09:30,2.858,4.591,7.685,9.772,80.0,25.6
01/02/2022 10:00,2.791,4.02,7.731,10.209,78.0,25.6
01/02/2022 10:30,2.857,4.7,7.735,11.249,75.0,25.65
01/02/2022 11:00,2.951,4.62,7.704,10.522,73.0,25.65
01/02/2022 11:30,2.828,4.78,6.971,11.281,83.0,25.7
01/02/2022 12:00,3.004,4.93,7.367,11.253,75.0,25.7
01/02/2022 12:30,2.874,5.164,7.465,10.838,77.0,25.7
01/02/2022 13:00,3.435,4.829,7.885,11.369,80.0,25.7
01/02/2022 13:30,3.052,4.79,7.334,10.874,75.0,25.75
01/02/2022 14:00,2.76,4.61,6.971,10.935,81.0,25.7
01/02/2022 14:30,3.059,4.65,7.558,10.859,80.0,25.7
01/02/2022 15:00,2.779,4.955,6.86,11.507,75.0,25.7
01/02/2022 15:30,3.124,4.57,7.743,11.028,87.0,25.7
01/02/2022 16:00,3.19,4.951,7.605,11.375,78.0,25.7
01/02/2022 16:30,2.983,4.67,7.344,11.346,83.0,25.65
01/02/2022 17:00,2.97,4.84,7.304,10.43,81.0,25.65
01/02/2022 17:30,2.929,4.21,7.316,10.507,83.0,25.65
01/02/2022 18:00,2.954,5.09,7.238,10.898,85.0,25.6
01/02/2022 18:30,2.97,5.181,7.374,10.903,81.0,25.6
01/02/2022 19:00,3.008,5.64,7.297,11.344,83.0,25.6
01/02/2022 19:30,2.957,4.333,7.588,11.529,88.0,25.6
01/02/2022 20:00,3.142,5.09,7.732,11.472,80.0,25.55
01/02/2022 20:30,3.21,5.51,7.727,11.481,83.0,25.55
01/02/2022 21:00,3.256,6.07,7.842,11.109,87.0,25.55
01/02/2022 21:30,2.843,5.2,7.147,11.46,84.0,25.55
01/02/2022 22:00,3.533,6.65,8.228,11.582,88.0,25.5
01/02/2022 22:30,3.407,5.22,8.101,12.822,85.0,25.5
01/02/2022 23:00,3.223,5.95,7.95,11.502,85.0,25.5
01/02/2022 23:30,3.09,4.72,7.672,12.833,88.0,25.5
01/03/2022 00:00,3.464,5.05,8.528,13.559,84.0,25.5
01/03/2022 00:30,3.387,5.97,9.126,12.041,88.0,25.5
01/03/2022 01:00,3.182,4.82,8.819,12.273,91.0,25.5
01/03/2022 01:30,2.829,4.614,8.628,12.957,90.0,25.45
01/03/2022 02:00,3.163,5.31,8.613,12.434,91.0,25.45
01/03/2022 02:30,2.998,5.09,8.874,12.707,88.0,25.45
01/03/2022 03:00,3.356,7.1,9.386,13.204,85.0,25.45
01/03/2022 03:30,3.346,5.83,9.206,13.818,92.0,25.45
01/03/2022 04:00,3.231,5.25,8.993,13.682,97.0,25.4
01/03/2022 04:30,3.243,5.02,9.14,13.007,94.0,25.45
01/03/2022 05:00,3.332,6.44,8.785,13.063,90.0,25.4
01/03/2022 05:30,3.158,5.8,9.434,12.89,94.0,25.4
01/03/2022 06:00,2.805,5.49,8.491,13.084,88.0,25.4
01/03/2022 06:30,2.95,5.66,8.28,12.864,94.0,25.4
01/03/2022 07:00,2.926,4.38,9.016,12.824,97.0,25.4
01/03/2022 07:30,2.878,4.61,8.657,12.481,88.0,25.4
01/03/2022 08:00,2.721,4.1,8.564,12.217,92.0,25.4
01/03/2022 08:30,2.578,4.33,8.56,12.834,98.0,25.4
01/03/2022 09:00,2.562,3.99,7.872,12.713,95.0,25.4
01/03/2022 09:30,2.655,4.6,8.255,12.696,99.0,25.45
01/03/2022 10:00,2.276,4.47,7.388,12.226,94.0,25.45
01/03/2022 10:30,2.466,4.5,7.507,12.759,99.0,25.5
01/03/2022 11:00,2.283,3.45,7.31,12.361,99.0,25.5
01/03/2022 11:30,2.513,4.22,7.344,12.105,98.0,25.55
01/03/2022 12:00,2.309,5.26,7.257,12.044,91.0,25.6
01/03/2022 12:30,2.084,2.96,7.883,12.02,98.0,25.6
01/03/2022 13:00,2.259,4.09,7.53,11.839,92.0,25.65
01/03/2022 13:30,2.162,3.38,7.141,12.664,98.0,25.65
01/03/2022 14:00,2.11,3.05,7.366,8.546,94.0,25.65
01/03/2022 14:30,2.282,4.29,6.963,12.824,95.0,25.7
01/03/2022 15:00,2.254,3.88,7.093,11.908,102.0,25.7
01/03/2022 15:30,2.174,3.39,7.386,9.815,95.0,25.7
01/03/2022 16:00,2.237,3.57,7.788,11.482,105.0,25.7
01/03/2022 16:30,2.096,3.38,8.267,9.774,95.0,25.65
01/03/2022 17:00,2.282,3.67,8.066,10.857,113.0,25.65
01/03/2022 17:30,1.955,3.17,7.837,9.458,101.0,25.65
01/03/2022 18:00,2.226,3.77,8.013,10.383,112.0,25.65
01/03/2022 18:30,2.412,5.08,8.348,10.47,102.0,25.6
01/03/2022 19:00,1.982,3.58,7.511,10.298,108.0,25.6
01/03/2022 19:30,2.247,3.56,8.005,10.334,116.0,25.6
01/03/2022 20:00,2.294,3.83,8.022,10.364,116.0,25.55
01/03/2022 20:30,2.043,3.71,7.432,11.912,120.0,25.55
01/03/2022 21:00,2.171,3.74,8.107,10.237,99.0,25.55
01/03/2022 21:30,2.401,3.97,8.23,12.065,116.0,25.55
01/03/2022 22:00,2.225,3.33,7.918,9.887,102.0,25.55
01/03/2022 22:30,2.223,3.17,8.023,11.973,115.0,25.55
01/03/2022 23:00,2.178,3.5,8.302,11.821,105.0,25.5
01/03/2022 23:30,2.123,3.67,7.699,9.895,109.0,25.55
01/04/2022 00:00,1.918,3.3,6.909,11.768,116.0,25.5
01/04/2022 00:30,2.131,3.39,7.659,11.362,105.0,25.5
01/04/2022 01:00,2.272,3.75,7.912,11.376,106.0,25.5
01/04/2022 01:30,2.098,3.84,7.546,11.165,106.0,25.5
01/04/2022 02:00,1.914,3.05,7.54,11.385,115.0,25.5
01/04/2022 02:30,2.082,3.99,7.784,11.205,105.0,25.5
01/04/2022 03:00,2.116,3.43,7.576,11.231,112.0,25.5
01/04/2022 03:30,1.931,3.0,7.338,10.513,101.0,25.5
01/04/2022 04:00,1.899,3.03,7.366,10.974,109.0,25.5
01/04/2022 04:30,1.819,3.58,7.33,10.207,111.0,25.5
01/04/2022 05:00,1.693,2.52,7.313,10.836,113.0,25.45
01/04/2022 05:30,1.795,2.45,7.603,10.84,102.0,25.45
01/04/2022 06:00,1.842,3.27,7.41,10.899,115.0,25.45
01/04/2022 06:30,1.649,2.77,7.261,10.696,101.0,25.45
01/04/2022 07:00,1.635,2.61,7.231,10.491,106.0,25.5
01/04/2022 07:30,1.633,3.11,6.753,10.746,101.0,25.5
01/04/2022 08:00,1.674,2.79,6.742,10.278,99.0,25.5
01/04/2022 08:30,1.755,3.18,7.149,10.771,101.0,25.5
01/04/2022 09:00,1.589,2.57,6.512,10.125,108.0,25.55
01/04/2022 09:30,1.516,2.99,6.702,10.602,106.0,25.6
01/04/2022 10:00,1.668,2.61,7.093,9.819,109.0,25.65
01/04/2022 10:30,1.552,2.56,6.467,9.646,112.0,25.65
01/04/2022 11:00,1.482,2.29,6.195,10.393,97.0,25.6
01/04/2022 11:30,1.537,3.14,6.517,10.074,104.0,25.6
01/04/2022 12:00,1.45,2.22,6.371,9.739,106.0,25.6
01/04/2022 12:30,1.444,2.26,6.316,10.581,94.0,25.6
01/04/2022 13:00,1.439,2.16,6.703,10.364,105.0,25.6
01/04/2022 13:30,1.371,2.08,6.274,8.983,101.0,25.6
01/04/2022 14:00,1.405,2.48,6.388,9.803,111.0,25.55
01/04/2022 14:30,1.43,2.43,6.284,10.634,99.0,25.6
01/04/2022 15:00,1.333,2.35,6.012,10.303,101.0,25.65
01/04/2022 15:30,1.382,2.464,5.946,9.199,113.0,25.65
01/04/2022 16:00,1.377,2.19,5.462,10.253,106.0,25.65
01/04/2022 16:30,1.413,2.41,5.624,8.592,113.0,25.6
01/04/2022 17:00,1.538,2.58,6.399,10.785,123.0,25.55
01/04/2022 17:30,1.506,2.65,5.87,10.328,113.0,25.55
01/04/2022 18:00,1.581,2.57,6.108,9.393,115.0,25.5
01/04/2022 18:30,1.677,2.57,5.769,9.44,113.0,25.5
01/04/2022 19:00,1.632,2.51,5.829,9.301,111.0,25.45
01/04/2022 19:30,1.639,2.36,5.776,9.364,120.0,25.45
01/04/2022 20:00,1.476,2.239,5.374,9.711,113.0,25.45
01/04/2022 20:30,1.648,2.88,5.525,9.96,120.0,25.45
01/04/2022 21:00,1.832,2.958,5.744,9.322,106.0,25.45
01/04/2022 21:30,1.777,2.823,5.61,10.345,106.0,25.4
01/04/2022 22:00,1.824,2.851,5.397,8.863,101.0,25.4
01/04/2022 22:30,1.791,3.09,5.626,9.393,118.0,25.4
01/04/2022 23:00,1.721,2.92,5.722,9.397,109.0,25.45
01/04/2022 23:30,1.818,2.96,5.915,9.981,119.0,25.4
01/05/2022 00:00,1.669,2.72,5.72,10.404,102.0,25.4
01/05/2022 00:30,1.775,3.16,6.053,8.909,109.0,25.4
01/05/2022 01:00,1.636,2.93,5.626,10.303,101.0,25.4
01/05/2022 01:30,1.602,2.43,5.842,10.28,102.0,25.4
01/05/2022 02:00,1.79,2.67,6.031,9.863,99.0,25.4
01/05/2022 02:30,1.819,2.79,5.925,10.204,111.0,25.4
01/05/2022 03:00,1.667,2.66,5.569,10.146,102.0,25.4
01/05/2022 03:30,1.654,2.49,5.719,9.769,102.0,25.35
01/05/2022 04:00,1.65,2.97,5.642,10.222,98.0,25.4
01/05/2022 04:30,1.596,2.88,5.685,9.599,97.0,25.4
01/05/2022 05:00,1.66,2.97,5.856,9.436,112.0,25.4
01/05/2022 05:30,1.624,2.56,5.502,9.619,108.0,25.4
01/05/2022 06:00,1.61,2.85,5.567,9.422,104.0,25.4
01/05/2022 06:30,1.621,2.57,5.758,9.282,113.0,25.4
01/05/2022 07:00,1.602,2.37,5.437,9.739,105.0,25.4
01/05/2022 07:30,1.664,2.92,5.62,9.349,106.0,25.45
01/05/2022 08:00,1.653,2.63,5.326,9.312,105.0,25.45
01/05/2022 08:30,1.633,2.67,5.413,8.517,104.0,25.45
01/05/2022 09:00,1.542,2.38,5.449,8.968,94.0,25.5
01/05/2022 09:30,1.629,2.623,5.533,8.819,111.0,25.5
01/05/2022 10:00,1.734,2.61,5.795,9.643,99.0,25.5
01/05/2022 10:30,1.648,2.49,5.364,8.879,104.0,25.55
01/05/2022 11:00,1.842,2.99,5.615,9.398,108.0,25.55
01/05/2022 11:30,1.684,2.75,5.866,9.707,101.0,25.55
01/05/2022 12:00,1.737,2.509,5.986,9.695,104.0,25.6
01/05/2022 12:30,1.729,3.37,5.955,9.339,97.0,25.65
01/05/2022 13:00,1.995,3.17,6.15,9.421,102.0,25.6
01/05/2022 13:30,1.983,3.49,6.39,9.365,99.0,25.7
01/05/2022 14:00,1.775,3.42,6.137,9.342,91.0,25.7
01/05/2022 14:30,1.934,3.12,6.018,10.076,97.0,25.7
01/05/2022 15:00,1.8,3.05,5.853,9.507,95.0,25.7
01/05/2022 15:30,1.781,3.042,5.574,9.24,98.0,25.7
01/05/2022 16:00,1.978,3.665,6.026,9.429,98.0,25.65
01/05/2022 16:30,1.838,2.83,5.915,9.327,92.0,25.65
01/05/2022 17:00,1.892,3.27,6.078,9.298,90.0,25.6
01/05/2022 17:30,1.949,2.86,5.852,9.76,91.0,25.55
01/05/2022 18:00,1.827,3.41,5.671,9.766,99.0,25.55
01/05/2022 18:30,1.966,3.31,5.875,8.603,94.0,25.5
01/05/2022 19:00,1.901,2.91,5.562,9.239,95.0,25.5
01/05/2022 19:30,1.817,2.94,5.563,9.645,91.0,25.5
01/05/2022 20:00,2.009,3.388,5.856,9.735,102.0,25.5
01/05/2022 20:30,1.951,3.31,5.771,7.828,92.0,25.5
01/05/2022 21:00,1.97,3.03,5.903,8.193,101.0,25.5
01/05/2022 21:30,1.935,3.5,6.086,8.943,94.0,25.5
01/05/2022 22:00,1.987,3.31,5.9,6.751,101.0,25.5
01/05/2022 22:30,1.92,3.05,5.822,8.808,94.0,25.5
01/05/2022 23:00,1.864,3.25,5.657,8.627,98.0,25.5
01/05/2022 23:30,2.047,3.24,5.829,8.144,105.0,25.45
01/06/2022 00:00,1.969,3.61,5.696,7.075,101.0,25.45
01/06/2022 00:30,1.894,2.94,5.838,7.896,106.0,25.4
01/06/2022 01:00,1.938,3.44,6.145,7.849,102.0,25.45
01/06/2022 01:30,2.029,3.31,5.791,7.823,106.0,25.45
01/06/2022 02:00,2.03,3.591,5.851,7.846,112.0,25.45
01/06/2022 02:30,2.063,3.45,5.797,7.943,112.0,25.4
01/06/2022 03:00,2.019,3.25,5.65,8.145,105.0,25.4
01/06/2022 03:30,2.08,3.214,5.859,8.151,109.0,25.4
01/06/2022 04:00,2.027,3.368,5.716,8.914,99.0,25.4
01/06/2022 04:30,2.087,3.72,5.715,8.476,104.0,25.4
01/06/2022 05:00,2.085,3.235,5.681,8.075,104.0,25.4
01/06/2022 05:30,2.243,3.64,5.876,8.559,104.0,25.35
01/06/2022 06:00,2.09,3.63,5.852,8.463,92.0,25.35
01/06/2022 06:30,2.449,3.41,5.867,9.247,90.0,25.35
01/06/2022 07:00,2.159,3.59,5.965,8.809,94.0,25.35
01/06/2022 07:30,2.446,4.03,5.917,7.889,95.0,25.35
01/06/2022 08:00,2.458,4.442,5.862,9.568,92.0,25.4
01/06/2022 08:30,2.528,4.22,6.088,8.556,94.0,25.4
01/06/2022 09:00,2.545,4.398,6.387,9.686,91.0,25.35
01/06/2022 09:30,2.626,4.62,6.238,9.271,87.0,25.35
01/06/2022 10:00,2.538,4.9,6.38,9.705,88.0,25.35
01/06/2022 10:30,2.705,4.571,6.478,9.649,83.0,25.35
01/06/2022 11:00,2.956,4.542,6.561,9.383,90.0,25.3
01/06/2022 11:30,2.746,4.216,6.394,9.258,91.0,25.35
01/06/2022 12:00,2.801,4.98,6.782,9.335,92.0,25.35
01/06/2022 12:30,2.794,4.517,6.398,9.769,87.0,25.3
01/06/2022 13:00,2.798,4.74,6.549,9.006,90.0,25.35
01/06/2022 13:30,2.809,3.964,6.342,8.919,88.0,25.3
01/06/2022 14:00,2.564,4.112,6.687,8.848,91.0,25.35
01/06/2022 14:30,2.463,4.62,5.913,8.518,87.0,25.35
01/06/2022 15:00,2.61,4.604,6.316,8.972,91.0,25.35
01/06/2022 15:30,2.599,4.03,6.49,9.425,92.0,25.4
01/06/2022 16:00,2.757,4.03,6.593,9.321,80.0,25.4
01/06/2022 16:30,2.385,3.92,6.149,9.185,95.0,25.4
01/06/2022 17:00,2.484,4.886,6.046,8.539,87.0,25.4
01/06/2022 17:30,2.498,3.747,6.197,9.329,81.0,25.4
01/06/2022 18:00,2.539,4.41,6.089,8.274,92.0,25.4
01/06/2022 18:30,2.527,4.54,5.976,8.507,94.0,25.35
01/06/2022 19:00,2.548,3.84,6.407,8.578,90.0,25.35
01/06/2022 19:30,2.427,4.23,6.172,7.781,85.0,25.35
01/06/2022 20:00,2.501,4.28,6.157,8.49,85.0,25.35
01/06/2022 20:30,2.319,4.0,5.885,9.814,91.0,25.35
01/06/2022 21:00,2.488,4.35,5.874,9.221,85.0,25.35
01/06/2022 21:30,2.364,3.74,6.145,8.836,87.0,25.35
01/06/2022 22:00,2.27,3.626,5.929,8.861,85.0,25.35
01/06/2022 22:30,2.463,4.59,6.095,9.19,90.0,25.35
01/06/2022 23:00,2.426,3.87,6.037,7.883,87.0,25.35
01/06/2022 23:30,2.622,4.406,6.295,8.834,87.0,25.35
01/07/2022 00:00,2.259,3.4,6.1,7.997,85.0,25.35
01/07/2022 00:30,2.207,3.44,5.996,8.419,81.0,25.3
01/07/2022 01:00,2.331,3.68,6.021,8.225,85.0,25.3
01/07/2022 01:30,2.218,4.24,5.817,7.558,87.0,25.3
01/07/2022 02:00,2.302,4.73,5.986,8.519,84.0,25.3
01/07/2022 02:30,2.323,4.14,5.957,7.871,87.0,25.3
01/07/2022 03:00,2.172,3.44,5.642,8.221,84.0,25.3
01/07/2022 03:30,2.296,4.5,5.892,7.841,88.0,25.3
01/07/2022 04:00,2.421,3.88,5.898,8.647,87.0,25.3
01/07/2022 04:30,2.335,4.26,5.683,7.872,81.0,25.3
01/07/2022 05:00,2.414,3.93,6.038,8.836,88.0,25.3
01/07/2022 05:30,2.356,4.17,5.991,7.305,81.0,25.3
01/07/2022 06:00,2.389,3.62,6.019,7.88,78.0,25.3
01/07/2022 06:30,2.489,3.93,6.318,7.535,80.0,25.3
01/07/2022 07:00,2.422,4.0,6.024,7.87,75.0,25.3
01/07/2022 07:30,2.573,3.87,6.435,7.827,83.0,25.3
01/07/2022 08:00,2.398,3.8,6.137,8.154,80.0,25.3
01/07/2022 08:30,2.475,3.911,6.009,8.489,84.0,25.3
01/07/2022 09:00,2.381,3.686,5.895,7.587,81.0,25.3
01/07/2022 09:30,2.634,4.601,6.149,8.251,71.0,25.3
01/07/2022 10:00,2.467,4.47,5.942,7.829,83.0,25.3
01/07/2022 10:30,2.677,4.4,6.078,8.58,80.0,25.3
01/07/2022 11:00,2.588,4.63,5.953,8.615,75.0,25.3
01/07/2022 11:30,2.776,4.83,6.397,8.555,85.0,25.3
01/07/2022 12:00,2.687,4.777,6.052,8.171,80.0,25.3
01/07/2022 12:30,2.743,4.095,6.177,8.493,83.0,25.3
01/07/2022 13:00,2.671,4.82,6.137,8.522,84.0,25.3
01/07/2022 13:30,2.549,4.16,6.102,8.726,85.0,25.3
01/07/2022 14:00,2.74,4.66,6.28,7.841,94.0,25.3
01/07/2022 14:30,2.406,3.92,5.995,8.519,73.0,25.35
01/07/2022 15:00,2.612,4.22,6.1,8.319,77.0,25.35
01/07/2022 15:30,2.47,4.4,6.012,7.883,87.0,25.3
01/07/2022 16:00,2.639,4.173,6.118,8.176,77.0,25.3
01/07/2022 16:30,2.438,4.32,6.096,7.614,85.0,25.3
01/07/2022 17:00,2.435,4.078,6.057,8.678,80.0,25.3
01/07/2022 17:30,2.36,4.415,5.638,8.857,88.0,25.3
01/07/2022 18:00,2.469,3.63,6.099,8.261,83.0,25.3
01/07/2022 18:30,2.292,3.58,5.804,8.857,92.0,25.3
01/07/2022 19:00,2.361,3.89,5.89,8.5,85.0,25.3
01/07/2022 19:30,2.263,3.52,5.813,7.608,91.0,25.3
01/07/2022 20:00,2.196,3.98,5.516,8.569,78.0,25.3
01/07/2022 20:30,2.281,3.62,5.855,8.724,91.0,25.3
01/07/2022 21:00,2.251,4.07,5.898,8.41,88.0,25.3
01/07/2022 21:30,2.197,3.42,5.901,8.92,90.0,25.3
01/07/2022 22:00,2.082,3.4,5.874,8.766,94.0,25.3
01/07/2022 22:30,2.013,3.36,5.804,8.348,91.0,25.3
01/07/2022 23:00,2.048,3.39,5.672,7.588,95.0,25.3
01/07/2022 23:30,2.07,4.15,5.556,8.542,84.0,25.3
01/08/2022 00:00,2.038,2.98,5.896,8.498,90.0,25.3
01/08/2022 00:30,2.006,3.32,5.669,8.57,90.0,25.3
01/08/2022 01:00,1.987,3.14,5.884,8.373,87.0,25.3
01/08/2022 01:30,1.949,3.2,5.742,8.832,92.0,25.3
01/08/2022 02:00,1.893,3.38,5.608,8.853,90.0,25.35
01/08/2022 02:30,1.968,3.41,5.645,8.204,94.0,25.3
01/08/2022 03:00,2.054,3.29,6.076,7.588,88.0,25.3
01/08/2022 03:30,2.014,3.28,5.638,8.174,81.0,25.3
01/08/2022 04:00,1.821,2.56,5.689,8.236,85.0,25.25
01/08/2022 04:30,1.998,3.23,5.861,8.134,85.0,25.3
01/08/2022 05:00,1.96,2.97,5.971,8.25,83.0,25.3
01/08/2022 05:30,1.835,3.09,5.735,7.579,90.0,25.25
01/08/2022 06:00,2.11,3.59,6.276,8.189,83.0,25.25
01/08/2022 06:30,1.989,3.48,5.899,8.165,87.0,25.25
01/08/2022 07:00,1.824,3.39,5.993,7.853,88.0,25.25
01/08/2022 07:30,1.856,3.1,5.9,7.88,85.0,25.25
01/08/2022 08:00,1.74,2.74,5.766,8.515,90.0,25.3
01/08/2022 08:30,1.776,2.96,5.754,7.884,92.0,25.3
01/08/2022 09:00,1.645,2.96,5.563,8.553,87.0,25.3
01/08/2022 09:30,1.755,3.55,5.959,7.95,85.0,25.3
01/08/2022 10:00,1.701,2.98,5.497,8.033,83.0,25.35
01/08/2022 10:30,1.742,3.11,5.588,8.152,90.0,25.35
01/08/2022 11:00,1.617,2.5,5.676,8.411,90.0,25.35
01/08/2022 11:30,1.717,2.858,5.696,7.369,91.0,25.35
01/08/2022 12:00,1.619,3.15,5.621,7.821,91.0,25.35
01/08/2022 12:30,1.762,3.39,5.721,7.81,90.0,25.4
01/08/2022 13:00,1.543,2.48,5.409,8.085,91.0,25.35
01/08/2022 13:30,1.634,2.69,5.879,8.174,87.0,25.4
01/08/2022 14:00,1.657,3.43,5.969,7.559,87.0,25.4
01/08/2022 14:30,1.592,2.39,5.608,8.268,90.0,25.4
01/08/2022 15:00,1.594,2.33,5.791,7.553,95.0,25.4
01/08/2022 15:30,1.709,3.53,5.921,7.871,91.0,25.4
01/08/2022 16:00,1.717,2.84,5.881,8.165,90.0,25.45
01/08/2022 16:30,1.665,2.7,6.026,8.049,90.0,25.45
01/08/2022 17:00,1.669,2.95,6.019,8.154,85.0,25.5
01/08/2022 17:30,1.626,2.54,6.069,8.209,97.0,25.5
01/08/2022 18:00,1.614,2.97,5.669,7.634,88.0,25.5
01/08/2022 18:30,1.626,3.13,5.69,7.886,81.0,25.5
01/08/2022 19:00,1.606,2.67,5.953,8.479,88.0,25.5
01/08/2022 19:30,1.645,2.96,6.376,8.401,90.0,25.5
01/08/2022 20:00,1.708,2.9,6.2,8.312,87.0,25.45
01/08/2022 20:30,1.575,2.96,5.779,8.198,92.0,25.45
01/08/2022 21:00,1.632,3.16,5.855,7.403,88.0,25.45
01/08/2022 21:30,1.618,3.19,5.683,8.458,92.0,25.45
01/08/2022 22:00,1.527,2.79,6.045,8.169,94.0,25.45
01/08/2022 22:30,1.608,2.54,6.221,8.15,90.0,25.45
01/08/2022 23:00,1.488,2.24,5.936,8.177,95.0,25.45
01/08/2022 23:30,1.559,2.19,6.048,7.908,94.0,25.45
01/09/2022 00:00,1.591,2.28,5.867,7.871,90.0,25.45
01/09/2022 00:30,1.552,2.5,5.889,8.197,88.0,25.45
01/09/2022 01:00,1.488,2.58,5.913,7.949,90.0,25.45
01/09/2022 01:30,1.521,2.66,5.87,8.067,88.0,25.45
01/09/2022 02:00,1.443,2.24,5.833,8.482,85.0,25.45
01/09/2022 02:30,1.441,2.63,6.135,7.524,91.0,25.45
01/09/2022 03:00,1.443,2.41,5.943,7.891,83.0,25.45
01/09/2022 03:30,1.493,2.25,6.142,8.416,83.0,25.45
01/09/2022 04:00,1.554,2.85,6.325,8.146,87.0,25.45
01/09/2022 04:30,1.441,2.37,6.265,7.896,84.0,25.45
01/09/2022 05:00,1.503,2.48,6.301,8.161,83.0,25.4
01/09/2022 05:30,1.546,2.61,6.577,8.187,94.0,25.45
01/09/2022 06:00,1.426,2.56,6.224,8.158,84.0,25.45
01/09/2022 06:30,1.306,2.07,5.834,8.638,91.0,25.45
01/09/2022 07:00,1.281,2.38,5.966,7.819,91.0,25.5
01/09/2022 07:30,1.408,2.62,6.176,7.933,83.0,25.5
01/09/2022 08:00,1.271,1.93,6.06,8.198,87.0,25.55
01/09/2022 08:30,1.286,2.29,5.797,7.82,84.0,25.6
01/09/2022 09:00,1.273,2.41,5.718,7.66,90.0,25.7
01/09/2022 09:30,1.363,2.3,6.32,8.199,92.0,25.85
01/09/2022 10:00,1.334,2.42,5.942,7.849,88.0,26.0
01/09/2022 10:30,1.298,2.32,5.912,8.126,92.0,26.15
01/09/2022 11:00,1.321,2.25,6.076,8.301,94.0,26.25
01/09/2022 11:30,1.251,1.88,5.816,8.1,88.0,26.45
01/09/2022 12:00,1.317,1.93,5.869,8.2,97.0,26.6
01/09/2022 12:30,1.309,2.27,5.644,7.983,94.0,26.7
01/09/2022 13:00,1.295,1.98,6.177,8.205,92.0,26.85
01/09/2022 13:30,1.302,2.17,6.364,7.824,92.0,27.0
01/09/2022 14:00,1.251,1.91,6.075,7.584,95.0,26.9
01/09/2022 14:30,1.223,2.09,5.974,7.614,88.0,27.0
01/09/2022 15:00,1.235,2.14,6.402,8.216,94.0,27.0
01/09/2022 15:30,1.247,1.79,6.119,7.807,91.0,27.05
01/09/2022 16:00,1.29,2.19,5.896,7.848,97.0,27.05
01/09/2022 16:30,1.249,2.01,5.761,7.61,97.0,27.0
01/09/2022 17:00,1.245,2.48,5.928,8.112,90.0,27.0
01/09/2022 17:30,1.138,1.88,6.014,8.125,94.0,26.9
01/09/2022 18:00,1.152,1.83,6.05,7.033,91.0,26.8
01/09/2022 18:30,1.235,2.11,6.067,7.269,95.0,26.75
01/09/2022 19:00,1.343,2.16,6.274,7.879,88.0,26.65
01/09/2022 19:30,1.249,2.13,5.938,8.133,88.0,26.55
01/09/2022 20:00,1.185,2.08,5.853,8.465,95.0,26.65
01/09/2022 20:30,1.224,2.3,5.725,8.096,95.0,26.6
01/09/2022 21:00,1.152,2.01,5.55,7.567,91.0,26.5
01/09/2022 21:30,1.277,2.05,5.647,7.876,98.0,26.5
01/09/2022 22:00,1.161,1.76,5.48,8.528,94.0,26.55
01/09/2022 22:30,1.21,2.13,5.489,8.651,104.0,26.5
01/09/2022 23:00,1.288,2.17,5.733,8.116,97.0,26.4
01/09/2022 23:30,1.207,1.91,5.454,8.161,95.0,26.45
01/10/2022 00:00,1.247,1.88,5.662,8.819,97.0,26.4
01/10/2022 00:30,1.22,1.9,5.512,8.099,94.0,26.3
01/10/2022 01:00,1.241,2.03,5.459,8.886,98.0,26.25
01/10/2022 01:30,1.21,2.01,5.339,7.771,95.0,26.2
01/10/2022 02:00,1.217,1.84,5.736,7.888,98.0,26.15
01/10/2022 02:30,1.27,2.1,5.502,8.152,90.0,26.05
01/10/2022 03:00,1.164,2.14,5.366,7.875,91.0,25.95
01/10/2022 03:30,1.274,1.99,5.344,8.057,98.0,25.95
01/10/2022 04:00,1.174,1.94,5.446,8.174,95.0,25.9
01/10/2022 04:30,1.265,2.15,5.416,7.934,85.0,25.9
01/10/2022 05:00,1.203,1.92,5.269,8.205,97.0,25.9
01/10/2022 05:30,1.167,1.75,5.31,7.848,95.0,25.85
01/10/2022 06:00,1.277,2.06,5.657,7.576,97.0,25.85
01/10/2022 06:30,1.225,1.99,5.412,7.638,88.0,25.85
01/10/2022 07:00,1.276,2.33,5.487,8.067,92.0,25.85
01/10/2022 07:30,1.244,1.83,5.43,7.891,84.0,25.85
01/10/2022 08:00,1.237,2.08,5.382,7.86,87.0,25.85
01/10/2022 08:30,1.244,1.9,5.408,8.921,95.0,25.9
01/10/2022 09:00,1.244,2.11,5.319,7.33,97.0,25.9
01/10/2022 09:30,1.305,2.2,5.234,8.522,99.0,25.9
01/10/2022 10:00,1.2,1.84,5.034,7.853,97.0,25.95
01/10/2022 10:30,1.239,2.05,5.02,7.831,102.0,26.0
01/10/2022 11:00,1.311,2.69,5.162,9.265,92.0,26.05
01/10/2022 11:30,1.171,2.33,4.828,8.106,102.0,26.05
01/10/2022 12:00,1.191,1.79,5.142,8.079,95.0,26.05
01/10/2022 12:30,1.192,2.0,4.851,7.917,98.0,26.1
01/10/2022 13:00,1.167,1.86,4.843,7.286,99.0,26.15
01/10/2022 13:30,1.196,1.93,4.954,8.51,90.0,26.15
01/10/2022 14:00,1.141,1.95,4.945,8.51,95.0,26.15
01/10/2022 14:30,1.159,2.51,4.777,7.561,92.0,26.15
01/10/2022 15:00,1.173,2.05,4.779,7.832,95.0,26.15
01/10/2022 15:30,1.13,1.88,4.828,9.363,91.0,26.15
01/10/2022 16:00,1.135,1.72,4.69,5.486,104.0,26.1
01/10/2022 16:30,1.228,2.32,4.86,7.688,102.0,26.05
01/10/2022 17:00,1.187,1.85,4.802,7.847,90.0,26.05
01/10/2022 17:30,1.188,2.26,4.678,7.274,95.0,26.05
01/10/2022 18:00,1.251,2.02,4.791,8.453,101.0,26.05
01/10/2022 18:30,1.221,1.81,4.765,7.219,91.0,26.0
01/10/2022 19:00,1.262,2.02,4.943,5.634,88.0,26.0
01/10/2022 19:30,1.265,2.07,4.744,6.934,81.0,26.0
01/10/2022 20:00,1.317,2.29,5.149,7.857,78.0,25.95
01/10/2022 20:30,1.326,2.06,5.089,6.133,88.0,25.95
01/10/2022 21:00,1.317,2.17,4.888,5.995,85.0,25.95
01/10/2022 21:30,1.305,2.5,4.808,6.544,94.0,25.95
01/10/2022 22:00,1.34,2.0,5.032,5.625,105.0,25.95
01/10/2022 22:30,1.338,2.68,4.639,6.55,102.0,25.95
01/10/2022 23:00,1.424,2.25,5.01,5.444,91.0,25.95
01/10/2022 23:30,1.428,2.37,4.931,6.145,97.0,25.95
01/11/2022 00:00,1.366,2.47,4.891,5.963,105.0,25.9
01/11/2022 00:30,1.356,2.31,5.055,5.644,97.0,25.9
01/11/2022 01:00,1.331,2.35,5.1,6.778,92.0,25.9
01/11/2022 01:30,1.29,2.45,5.033,5.958,99.0,25.9
01/11/2022 02:00,1.344,2.16,5.07,7.0,95.0,25.9
01/11/2022 02:30,1.258,1.96,4.929,7.844,101.0,25.9
01/11/2022 03:00,1.292,2.36,4.987,6.183,94.0,25.85
01/11/2022 03:30,1.303,2.03,4.941,6.14,106.0,25.85
01/11/2022 04:00,1.272,2.01,5.079,7.859,98.0,25.85
01/11/2022 04:30,1.356,2.26,5.108,7.446,92.0,25.85
01/11/2022 05:00,1.238,2.03,5.148,8.171,102.0,25.85
01/11/2022 05:30,1.394,2.45,5.367,8.5,104.0,25.85
01/11/2022 06:00,1.465,2.77,5.452,8.451,99.0,25.85
01/11/2022 06:30,1.468,2.47,5.439,7.648,94.0,25.85
01/11/2022 07:00,1.495,2.64,5.534,6.558,98.0,25.85
01/11/2022 07:30,1.704,3.03,5.744,7.89,92.0,25.9
01/11/2022 08:00,1.74,2.63,5.549,7.56,92.0,25.9
01/11/2022 08:30,1.704,2.955,5.982,7.826,102.0,25.9
01/11/2022 09:00,1.766,2.92,5.618,11.554,98.0,25.9
01/11/2022 09:30,1.877,3.03,5.887,7.521,95.0,25.9
01/11/2022 10:00,1.795,2.71,6.136,11.415,94.0,25.9
01/11/2022 10:30,2.024,3.78,6.257,11.457,91.0,25.95
01/11/2022 11:00,2.029,3.81,6.204,9.831,94.0,25.95
01/11/2022 11:30,2.159,3.45,6.635,10.976,95.0,25.95
01/11/2022 12:00,2.118,3.14,6.271,11.534,95.0,26.0
01/11/2022 12:30,2.102,3.42,6.508,11.0,94.0,26.0
01/11/2022 13:00,2.145,3.37,6.427,10.422,91.0,26.05
01/11/2022 13:30,2.137,3.37,6.369,11.466,85.0,26.05
01/11/2022 14:00,2.066,3.51,6.093,11.383,92.0,26.05
01/11/2022 14:30,2.035,3.295,6.133,10.269,90.0,26.05
01/11/2022 15:00,1.961,3.03,5.958,10.748,90.0,26.05
01/11/2022 15:30,1.989,3.17,6.225,10.871,88.0,26.05
01/11/2022 16:00,1.998,4.12,6.393,11.419,90.0,26.05
01/11/2022 16:30,1.864,2.81,5.957,11.026,91.0,26.05
01/11/2022 17:00,1.934,3.63,6.273,10.89,91.0,26.05
01/11/2022 17:30,2.027,3.24,6.514,11.196,91.0,26.05
01/11/2022 18:00,1.85,2.92,6.247,10.825,90.0,26.05
01/11/2022 18:30,1.878,2.59,6.469,10.76,88.0,26.0
01/11/2022 19:00,1.897,3.01,6.413,10.544,85.0,26.0
01/11/2022 19:30,1.905,2.77,6.121,10.791,84.0,26.0
01/11/2022 20:00,1.779,2.69,5.896,10.817,84.0,25.95
01/11/2022 20:30,1.873,2.856,5.71,10.694,88.0,25.95
01/11/2022 21:00,1.953,3.18,5.994,11.404,87.0,25.95
01/11/2022 21:30,1.961,3.1,6.155,10.806,85.0,25.95
01/11/2022 22:00,1.979,3.22,5.902,10.724,87.0,25.95
01/11/2022 22:30,2.13,3.41,6.097,10.836,87.0,25.95
01/11/2022 23:00,1.928,3.244,5.947,10.785,87.0,25.95
01/11/2022 23:30,2.021,4.03,5.974,10.631,85.0,25.95
01/12/2022 00:00,1.989,2.94,5.973,9.427,90.0,25.9
01/12/2022 00:30,2.054,3.07,6.294,10.447,90.0,25.9
01/12/2022 01:00,1.842,3.14,5.637,10.744,85.0,25.9
01/12/2022 01:30,2.152,3.42,6.15,10.721,94.0,25.9
01/12/2022 02:00,1.95,3.02,6.185,10.363,94.0,25.9
01/12/2022 02:30,2.018,3.21,6.096,10.108,92.0,25.85
01/12/2022 03:00,1.926,3.0,6.345,10.729,90.0,25.85
01/12/2022 03:30,2.14,3.22,6.524,10.362,91.0,25.85
01/12/2022 04:00,1.942,3.33,6.041,10.304,88.0,25.85
01/12/2022 04:30,2.006,3.4,6.165,10.313,90.0,25.85
01/12/2022 05:00,2.037,3.09,6.507,10.284,91.0,25.8
01/12/2022 05:30,1.89,3.09,6.33,8.061,92.0,25.85
01/12/2022 06:00,1.891,2.86,6.367,9.844,92.0,25.8
01/12/2022 06:30,1.904,3.24,6.367,10.689,87.0,25.8
01/12/2022 07:00,1.893,4.4,6.284,10.798,88.0,25.8
01/12/2022 07:30,1.912,3.7,6.374,9.869,85.0,25.85
01/12/2022 08:00,1.772,3.41,6.179,10.186,87.0,25.85
01/12/2022 08:30,1.635,2.62,6.047,10.183,81.0,25.9
01/12/2022 09:00,1.642,2.83,5.883,11.343,83.0,25.9
01/12/2022 09:30,1.663,2.76,6.075,9.686,88.0,25.9
01/12/2022 10:00,1.75,3.07,6.104,10.287,88.0,25.9
01/12/2022 10:30,1.735,3.08,5.91,8.446,90.0,25.95
01/12/2022 11:00,1.818,3.1,6.281,10.279,87.0,25.95
01/12/2022 11:30,1.654,2.35,5.856,10.779,91.0,26.0
01/12/2022 12:00,1.644,3.06,5.848,8.446,87.0,26.0
01/12/2022 12:30,1.674,2.73,5.829,10.84,87.0,26.05
01/12/2022 13:00,1.64,2.78,6.072,9.752,90.0,26.05
01/12/2022 13:30,1.684,2.96,5.888,10.259,87.0,26.05
01/12/2022 14:00,1.653,2.95,5.922,8.71,90.0,26.05
01/12/2022 14:30,1.691,2.51,5.747,10.238,85.0,26.1
01/12/2022 15:00,1.745,3.02,6.102,10.681,83.0,26.05
01/12/2022 15:30,1.633,2.853,5.629,9.762,85.0,26.05
01/12/2022 16:00,1.753,2.97,5.911,11.365,92.0,26.1
01/12/2022 16:30,1.71,2.83,5.885,8.188,88.0,26.05
01/12/2022 17:00,1.742,2.94,6.049,10.884,87.0,26.05
01/12/2022 17:30,1.677,2.67,5.873,7.922,87.0,26.05
01/12/2022 18:00,1.788,2.98,6.246,10.755,84.0,26.05
01/12/2022 18:30,1.699,2.74,5.897,8.501,94.0,26.0
01/12/2022 19:00,1.761,3.15,6.226,11.143,87.0,26.0
01/12/2022 19:30,1.86,3.73,5.966,10.794,91.0,26.0
01/12/2022 20:00,1.942,3.54,6.417,10.259,87.0,25.95
01/12/2022 20:30,1.963,2.98,6.403,10.823,90.0,25.95
01/12/2022 21:00,1.888,3.0,6.185,10.441,88.0,25.95
01/12/2022 21:30,1.84,2.99,6.234,10.813,95.0,25.95
01/12/2022 22:00,1.927,2.84,6.178,13.97,87.0,25.95
01/12/2022 22:30,1.965,3.25,6.383,9.87,84.0,25.95
01/12/2022 23:00,2.009,3.56,6.361,9.802,85.0,25.95
01/12/2022 23:30,1.972,3.03,6.202,10.361,91.0,25.95
01/13/2022 00:00,1.959,3.65,6.26,10.877,88.0,25.9
01/13/2022 00:30,2.047,3.96,6.38,8.834,94.0,25.9
01/13/2022 01:00,2.008,3.52,6.337,10.777,92.0,25.9
01/13/2022 01:30,2.055,3.66,6.431,10.628,87.0,25.9
01/13/2022 02:00,1.967,3.26,6.433,13.031,94.0,25.9
01/13/2022 02:30,1.986,3.44,6.539,10.734,87.0,25.9
01/13/2022 03:00,2.018,3.04,6.508,9.95,87.0,25.9
01/13/2022 03:30,1.97,3.37,6.331,8.933,84.0,25.9
01/13/2022 04:00,1.976,3.23,6.631,10.647,85.0,25.85
01/13/2022 04:30,1.93,3.26,6.355,10.331,91.0,25.85
01/13/2022 05:00,2.063,3.37,6.753,10.36,90.0,25.85
01/13/2022 05:30,1.817,2.97,6.452,10.51,90.0,25.85
01/13/2022 06:00,2.02,3.25,6.875,10.223,87.0,25.8
01/13/2022 06:30,1.985,3.11,6.465,10.408,94.0,25.85
01/13/2022 07:00,1.957,2.74,6.708,10.891,87.0,25.85
01/13/2022 07:30,2.063,4.05,6.926,9.902,90.0,25.85
01/13/2022 08:00,1.989,3.42,6.808,10.904,92.0,25.85
01/13/2022 08:30,1.846,2.9,6.544,12.83,87.0,25.85
01/13/2022 09:00,2.07,3.35,6.985,7.858,97.0,25.85
01/13/2022 09:30,2.127,3.58,6.744,10.805,81.0,25.9
01/13/2022 10:00,1.93,3.59,6.59,10.322,91.0,25.95
01/13/2022 10:30,1.888,3.16,6.709,12.804,87.0,26.05
01/13/2022 11:00,1.989,3.23,6.63,10.757,75.0,26.15
01/13/2022 11:30,1.962,3.34,6.691,12.95,80.0,26.15
01/13/2022 12:00,1.885,3.11,6.343,12.224,81.0,26.2
01/13/2022 12:30,1.897,3.63,6.75,10.57,81.0,26.2
01/13/2022 13:00,1.904,3.51,6.359,10.717,85.0,26.2
01/13/2022 13:30,1.941,2.93,7.042,10.233,84.0,26.2
01/13/2022 14:00,1.809,3.07,6.465,12.197,84.0,26.25
01/13/2022 14:30,1.71,2.85,5.846,11.591,87.0,26.2
01/13/2022 15:00,1.93,2.87,6.952,12.123,88.0,26.25
01/13/2022 15:30,1.801,2.78,6.652,12.234,91.0,26.25
01/13/2022 16:00,1.796,3.04,6.555,12.846,81.0,26.2
01/13/2022 16:30,1.778,2.79,6.387,10.205,87.0,26.2
01/13/2022 17:00,1.898,2.81,6.68,10.968,75.0,26.2
01/13/2022 17:30,1.794,2.82,6.682,9.78,84.0,26.2
01/13/2022 18:00,1.934,3.51,6.832,12.005,81.0,26.2
01/13/2022 18:30,1.762,3.03,6.632,10.755,84.0,26.15
01/13/2022 19:00,1.784,2.78,6.301,8.176,78.0,26.15
01/13/2022 19:30,1.822,3.53,6.353,13.066,87.0,26.05
01/13/2022 20:00,1.778,2.62,6.467,12.867,92.0,26.05
01/13/2022 20:30,1.903,3.63,6.397,12.83,97.0,26.0
01/13/2022 21:00,1.774,2.78,6.208,12.627,83.0,25.95
01/13/2022 21:30,1.778,3.4,6.13,8.176,85.0,25.95
01/13/2022 22:00,1.78,3.09,6.273,12.647,88.0,25.95
01/13/2022 22:30,1.854,3.44,6.542,12.762,91.0,25.95
01/13/2022 23:00,1.753,2.76,6.427,12.219,87.0,25.95
01/13/2022 23:30,1.883,2.99,6.495,12.659,88.0,25.95
01/14/2022 00:00,1.639,2.86,6.142,8.979,91.0,25.95
01/14/2022 00:30,1.825,3.41,6.35,9.831,88.0,25.9
01/14/2022 01:00,1.896,3.01,6.619,12.392,94.0,25.9
01/14/2022 01:30,1.714,2.61,5.955,12.585,88.0,25.95
01/14/2022 02:00,1.689,2.85,6.041,12.859,85.0,25.95
01/14/2022 02:30,1.637,2.47,6.214,8.63,90.0,25.95
01/14/2022 03:00,1.637,2.56,6.059,11.474,90.0,25.95
01/14/2022 03:30,1.667,2.68,5.833,11.696,90.0,25.95
01/14/2022 04:00,1.629,2.52,6.13,11.526,97.0,25.95
01/14/2022 04:30,1.617,2.41,6.269,11.688,88.0,25.95
01/14/2022 05:00,1.593,2.68,6.048,12.076,81.0,25.95
01/14/2022 05:30,1.618,2.62,6.26,10.337,99.0,25.95
01/14/2022 06:00,1.59,2.39,5.871,7.336,90.0,25.95
01/14/2022 06:30,1.603,2.38,6.104,11.326,88.0,26.0
01/14/2022 07:00,1.633,2.65,6.083,12.108,95.0,25.95
01/14/2022 07:30,1.534,2.41,5.849,12.242,88.0,25.95
01/14/2022 08:00,1.62,2.3,5.933,12.119,95.0,25.95
01/14/2022 08:30,1.555,2.33,5.853,12.15,95.0,26.0
01/14/2022 09:00,1.676,2.73,6.517,11.542,92.0,26.0
01/14/2022 09:30,1.669,2.46,6.464,12.181,94.0,26.0
01/14/2022 10:00,1.634,2.81,6.508,12.088,91.0,26.0
01/14/2022 10:30,1.668,2.93,6.176,12.055,90.0,26.05
01/14/2022 11:00,1.623,2.59,6.51,10.96,92.0,26.05
01/14/2022 11:30,1.627,3.02,6.466,12.118,95.0,26.15
01/14/2022 12:00,1.644,3.36,6.752,10.892,90.0,26.2
01/14/2022 12:30,1.6,2.56,6.666,11.78,95.0,26.2
01/14/2022 13:00,1.843,2.76,7.125,12.012,88.0,26.25
01/14/2022 13:30,1.675,2.37,6.822,11.414,91.0,26.35
01/14/2022 14:00,1.725,2.86,6.733,12.0,94.0,26.35
01/14/2022 14:30,1.586,2.93,6.815,10.753,92.0,26.3
01/14/2022 15:00,1.624,2.76,6.867,11.863,92.0,26.35
01/14/2022 15:30,1.614,2.62,6.72,11.807,97.0,26.35
01/14/2022 16:00,1.657,2.6,7.107,11.398,91.0,26.3
01/14/2022 16:30,1.754,2.49,7.262,11.727,91.0,26.2
01/14/2022 17:00,1.772,3.0,6.922,11.61,91.0,26.2
01/14/2022 17:30,1.685,2.83,7.019,12.12,94.0,26.2
01/14/2022 18:00,1.616,2.9,6.713,11.434,92.0,26.15
01/14/2022 18:30,1.578,2.56,6.869,10.904,90.0,26.15
01/14/2022 19:00,1.571,2.22,6.951,12.049,102.0,26.15
01/14/2022 19:30,1.658,2.66,7.258,10.343,91.0,26.15
01/14/2022 20:00,1.548,2.88,7.518,12.015,92.0,26.1
01/14/2022 20:30,1.596,2.88,7.182,12.094,90.0,26.05
01/14/2022 21:00,1.523,2.42,7.161,11.49,87.0,26.05
01/14/2022 21:30,1.482,2.49,7.121,12.067,91.0,26.05
01/14/2022 22:00,1.513,2.48,7.08,10.946,87.0,26.05
01/14/2022 22:30,1.499,2.52,7.052,10.61,92.0,26.05
01/14/2022 23:00,1.467,2.17,7.087,11.559,98.0,26.05
01/14/2022 23:30,1.603,2.42,7.133,12.018,95.0,26.05
01/15/2022 00:00,1.504,2.55,7.354,12.125,95.0,26.05
01/15/2022 00:30,1.613,2.66,6.994,11.703,94.0,26.05
01/15/2022 01:00,1.614,2.84,7.314,11.441,90.0,26.05
01/15/2022 01:30,1.457,2.44,6.703,11.356,92.0,26.05
01/15/2022 02:00,1.553,2.59,7.31,10.94,90.0,26.0
01/15/2022 02:30,1.596,2.49,7.312,11.592,91.0,25.95
01/15/2022 03:00,1.584,2.68,7.122,11.272,90.0,25.95
01/15/2022 03:30,1.529,2.33,7.334,11.534,92.0,25.95
01/15/2022 04:00,1.499,2.92,7.259,12.039,95.0,25.95
01/15/2022 04:30,1.481,2.22,7.551,11.83,95.0,26.05
01/15/2022 05:00,1.586,2.65,7.711,11.313,98.0,26.05
01/15/2022 05:30,1.489,2.38,7.508,11.603,91.0,26.05
01/15/2022 06:00,1.393,2.32,6.986,12.167,97.0,26.05
01/15/2022 06:30,1.619,3.02,8.168,11.735,88.0,26.05
01/15/2022 07:00,1.51,2.39,7.491,10.961,91.0,26.05
01/15/2022 07:30,1.616,2.7,7.639,11.626,92.0,26.05
01/15/2022 08:00,1.635,2.87,7.653,12.001,88.0,26.05
01/15/2022 08:30,1.599,2.49,7.89,12.036,91.0,26.05
01/15/2022 09:00,1.568,2.45,7.756,11.411,94.0,26.25
01/15/2022 09:30,1.761,2.78,8.089,11.479,84.0,26.65
01/15/2022 10:00,1.707,3.0,8.355,11.565,91.0,26.85
01/15/2022 10:30,1.667,2.52,8.221,10.922,83.0,27.1
01/15/2022 11:00,1.51,2.33,7.982,11.484,84.0,27.35
01/15/2022 11:30,1.696,2.9,8.035,11.437,88.0,27.4
01/15/2022 12:00,1.75,2.87,8.163,11.426,88.0,27.5
01/15/2022 12:30,1.636,3.13,7.746,11.473,92.0,27.25
01/15/2022 13:00,1.66,2.73,7.546,11.009,91.0,26.9
01/15/2022 13:30,1.434,2.56,7.529,11.019,97.0,27.0
01/15/2022 14:00,1.88,2.82,8.283,11.267,94.0,27.0
01/15/2022 14:30,1.654,2.64,7.681,11.608,98.0,27.1
01/15/2022 15:00,1.471,2.57,7.252,11.531,98.0,26.95
01/15/2022 15:30,1.676,2.97,7.657,11.475,98.0,26.85
01/15/2022 16:00,1.67,2.45,7.465,10.819,106.0,26.7
01/15/2022 16:30,1.558,2.33,7.499,11.489,101.0,26.75
01/15/2022 17:00,1.794,3.07,7.907,12.114,95.0,26.7
01/15/2022 17:30,1.681,2.81,7.376,11.406,104.0,26.55
01/15/2022 18:00,1.733,2.87,7.669,12.117,99.0,26.45
01/15/2022 18:30,1.777,3.32,7.114,10.767,101.0,26.4
01/15/2022 19:00,1.782,2.8,7.334,12.255,108.0,26.3
01/15/2022 19:30,1.833,3.03,7.335,11.546,102.0,26.3
01/15/2022 20:00,1.571,2.82,7.148,12.708,99.0,26.25
01/15/2022 20:30,1.691,3.24,6.924,12.276,102.0,26.2
01/15/2022 21:00,1.912,3.66,7.523,12.025,94.0,26.25
01/15/2022 21:30,1.7,2.86,6.934,11.115,95.0,26.25
01/15/2022 22:00,1.838,3.24,7.164,12.598,99.0,26.25
01/15/2022 22:30,1.995,3.38,7.3,12.437,92.0,26.2
01/15/2022 23:00,1.939,3.75,6.956,12.692,97.0,26.2
01/15/2022 23:30,1.752,2.77,6.624,12.983,98.0,26.2
01/16/2022 00:00,2.162,3.62,7.916,12.76,95.0,26.15
01/16/2022 00:30,1.988,3.54,7.212,12.095,92.0,26.15
01/16/2022 01:00,2.156,3.42,7.501,11.691,98.0,26.1
01/16/2022 01:30,2.261,3.41,8.04,12.485,97.0,26.05
01/16/2022 02:00,2.058,3.28,7.422,12.884,94.0,26.05
01/16/2022 02:30,2.113,3.49,8.274,12.411,94.0,26.1
01/16/2022 03:00,2.113,3.57,8.34,12.189,90.0,26.2
01/16/2022 03:30,2.278,3.46,8.953,12.247,97.0,26.2
01/16/2022 04:00,2.184,3.55,7.908,13.613,92.0,26.3
01/16/2022 04:30,1.861,3.88,6.912,12.931,95.0,26.3
01/16/2022 05:00,1.955,3.8,8.644,14.178,95.0,26.3
01/16/2022 05:30,2.305,3.54,8.864,14.736,92.0,26.3
01/16/2022 06:00,2.321,3.68,9.353,13.584,97.0,26.35
01/16/2022 06:30,2.012,3.79,7.901,14.007,90.0,26.35
01/16/2022 07:00,2.138,3.38,8.624,14.774,95.0,26.3
01/16/2022 07:30,2.482,3.94,9.823,13.927,94.0,26.35
01/16/2022 08:00,2.39,3.61,9.077,13.889,94.0,26.4
01/16/2022 08:30,2.408,4.82,10.146,13.838,87.0,26.4
01/16/2022 09:00,2.119,3.56,8.831,13.894,97.0,26.4
01/16/2022 09:30,2.268,3.87,9.789,12.873,88.0,26.45
01/16/2022 10:00,2.277,3.55,10.023,12.763,90.0,26.55
01/16/2022 10:30,1.92,2.68,9.504,13.73,97.0,26.75
01/16/2022 11:00,2.144,3.54,9.4,14.494,94.0,26.9
01/16/2022 11:30,1.905,3.48,9.828,13.292,91.0,26.95
01/16/2022 12:00,1.915,2.9,9.253,12.556,95.0,26.85
01/16/2022 12:30,2.103,3.06,9.681,13.064,88.0,26.8
01/16/2022 13:00,1.973,3.53,9.046,13.793,90.0,26.8
01/16/2022 13:30,1.943,2.97,8.552,12.885,99.0,26.8
01/16/2022 14:00,2.053,3.8,8.86,13.686,97.0,26.8
01/16/2022 14:30,1.906,2.89,8.374,12.88,98.0,26.85
01/16/2022 15:00,1.99,3.4,8.736,13.255,98.0,26.85
01/16/2022 15:30,1.906,3.27,7.609,12.262,98.0,26.85
01/16/2022 16:00,2.017,3.43,7.949,12.458,98.0,26.85
01/16/2022 16:30,1.846,2.79,7.893,11.575,102.0,26.85
01/16/2022 17:00,1.976,3.12,7.8,12.173,104.0,26.85
01/16/2022 17:30,2.084,3.05,8.302,12.655,105.0,26.8
01/16/2022 18:00,2.023,3.12,8.071,14.652,105.0,26.75
01/16/2022 18:30,2.19,3.68,8.561,14.288,97.0,26.6
01/16/2022 19:00,2.088,3.93,7.72,11.563,101.0,26.55
01/16/2022 19:30,1.991,3.48,7.799,12.083,99.0,26.5
01/16/2022 20:00,2.052,4.0,7.563,14.084,98.0,26.45
01/16/2022 20:30,2.01,3.15,7.913,12.723,104.0,26.4
01/16/2022 21:00,2.036,4.1,7.812,14.073,98.0,26.35
01/16/2022 21:30,1.911,4.21,7.166,13.762,94.0,26.4
01/16/2022 22:00,1.855,3.43,7.225,13.703,94.0,26.5
01/16/2022 22:30,1.904,2.97,7.658,14.457,101.0,26.55
01/16/2022 23:00,1.994,3.22,7.89,13.592,90.0,26.55
01/16/2022 23:30,2.285,3.55,9.01,13.146,91.0,26.65
01/17/2022 00:00,2.174,3.37,8.419,12.358,97.0,26.65
01/17/2022 00:30,2.197,3.61,8.245,12.51,94.0,26.55
01/17/2022 01:00,2.04,3.19,8.261,12.265,94.0,26.55
01/17/2022 01:30,1.98,3.73,8.374,13.792,98.0,26.55
01/17/2022 02:00,1.908,2.71,8.436,14.022,88.0,26.55
01/17/2022 02:30,2.052,3.83,9.004,14.562,94.0,26.55
01/17/2022 03:00,2.005,3.1,9.07,13.322,92.0,26.55
01/17/2022 03:30,2.082,3.75,8.908,13.777,95.0,26.55
01/17/2022 04:00,2.162,3.66,9.385,13.001,92.0,26.55
01/17/2022 04:30,1.856,3.4,8.463,13.046,98.0,26.55
01/17/2022 05:00,1.805,2.6,8.754,12.752,92.0,26.55
01/17/2022 05:30,1.743,2.96,8.689,13.766,88.0,26.55
01/17/2022 06:00,1.756,3.12,8.973,13.904,97.0,26.55
01/17/2022 06:30,1.797,2.55,9.491,12.821,91.0,26.55
01/17/2022 07:00,1.999,3.56,9.097,12.877,92.0,26.55
01/17/2022 07:30,-99.9,-99.9,-99.9,-99.9,-99.9,-99.9
01/17/2022 08:00,1.809,2.78,9.546,13.936,-99.9,-99.9
01/17/2022 08:30,1.802,2.95,8.98,14.024,101.0,26.85
01/17/2022 09:00,1.733,2.67,9.299,13.661,98.0,27.05
01/17/2022 09:30,1.722,2.9,9.017,13.528,95.0,27.4
01/17/2022 10:00,1.959,2.91,9.336,12.883,101.0,27.4
01/17/2022 10:30,1.735,2.76,8.972,13.658,97.0,27.45
01/17/2022 11:00,1.661,2.2,9.924,12.65,102.0,27.25
01/17/2022 11:30,1.831,2.89,9.114,13.74,99.0,27.3
01/17/2022 12:00,1.739,2.75,9.297,13.638,99.0,27.35
01/17/2022 12:30,1.503,3.0,8.17,11.509,102.0,27.3
01/17/2022 13:00,1.686,2.82,7.95,12.823,95.0,27.2
01/17/2022 13:30,1.501,2.74,7.639,11.454,98.0,27.2
01/17/2022 14:00,1.57,2.55,8.029,12.387,99.0,27.2
01/17/2022 14:30,1.552,2.36,7.648,12.47,101.0,27.15
01/17/2022 15:00,1.491,3.21,7.243,13.76,99.0,27.15
01/17/2022 15:30,1.417,2.49,7.483,13.277,99.0,27.1
01/17/2022 16:00,1.432,2.57,7.514,11.9,108.0,27.15
01/17/2022 16:30,1.598,2.76,7.963,14.488,92.0,27.0
01/17/2022 17:00,1.508,2.64,7.233,11.385,108.0,27.0
01/17/2022 17:30,1.435,2.44,6.661,12.135,99.0,26.9
01/17/2022 18:00,1.473,2.34,7.031,13.378,102.0,26.8
01/17/2022 18:30,1.431,2.06,7.079,14.057,102.0,26.8
01/17/2022 19:00,1.405,2.44,6.732,12.757,95.0,26.8
01/17/2022 19:30,1.427,2.52,7.017,11.491,99.0,26.7
01/17/2022 20:00,1.378,2.61,6.821,12.659,101.0,26.65
01/17/2022 20:30,1.446,2.28,6.875,13.692,94.0,26.8
01/17/2022 21:00,1.476,2.24,6.641,13.765,97.0,26.7
01/17/2022 21:30,1.435,2.34,6.858,14.585,102.0,26.7
01/17/2022 22:00,1.692,2.84,7.259,14.635,99.0,26.65
01/17/2022 22:30,1.516,2.86,6.833,13.671,97.0,26.6
01/17/2022 23:00,1.704,2.33,7.967,13.545,88.0,26.55
01/17/2022 23:30,1.523,2.58,7.147,13.673,104.0,26.55
01/18/2022 00:00,1.474,2.42,7.155,13.689,98.0,26.55
01/18/2022 00:30,1.595,2.72,7.569,13.699,105.0,26.55
01/18/2022 01:00,1.52,2.41,7.159,13.79,99.0,26.55
01/18/2022 01:30,1.435,2.99,7.281,13.616,105.0,26.55
01/18/2022 02:00,1.485,2.37,7.375,13.631,97.0,26.55
01/18/2022 02:30,1.525,2.3,7.355,10.316,97.0,26.55
01/18/2022 03:00,1.607,2.41,7.36,10.866,101.0,26.55
01/18/2022 03:30,1.564,2.58,7.654,13.012,97.0,26.6
01/18/2022 04:00,1.503,2.67,7.79,12.837,92.0,26.6
01/18/2022 04:30,1.592,2.31,7.889,12.796,92.0,26.6
01/18/2022 05:00,1.531,2.45,7.742,13.532,97.0,26.6
01/18/2022 05:30,1.707,3.26,7.943,11.561,91.0,26.65
01/18/2022 06:00,1.56,3.21,7.765,12.917,94.0,26.7
01/18/2022 06:30,1.566,3.01,7.966,11.002,99.0,26.7
01/18/2022 07:00,1.574,2.54,7.847,13.945,95.0,26.7
01/18/2022 07:30,1.6,2.44,7.859,11.449,98.0,26.75
01/18/2022 08:00,1.569,2.55,7.786,11.798,98.0,26.8
01/18/2022 08:30,1.551,2.7,7.887,12.264,95.0,26.85
01/18/2022 09:00,1.468,2.74,7.389,14.739,95.0,26.95
01/18/2022 09:30,1.603,2.27,7.846,12.523,98.0,27.0
01/18/2022 10:00,1.442,2.41,7.425,13.687,94.0,27.1
01/18/2022 10:30,1.429,2.27,7.457,13.596,92.0,27.2
01/18/2022 11:00,1.468,2.24,7.501,13.605,101.0,27.3
01/18/2022 11:30,1.3,2.17,7.384,12.27,97.0,27.4
01/18/2022 12:00,1.391,2.28,7.871,12.169,98.0,27.55
01/18/2022 12:30,1.239,2.47,7.253,13.074,97.0,27.6
01/18/2022 13:00,1.29,2.22,7.452,9.78,98.0,27.75
01/18/2022 13:30,1.308,1.89,7.973,12.223,94.0,27.8
01/18/2022 14:00,1.166,2.07,7.17,11.155,92.0,27.85
01/18/2022 14:30,1.217,2.21,7.135,11.393,95.0,27.8
01/18/2022 15:00,1.338,2.52,7.431,12.023,84.0,27.8
01/18/2022 15:30,1.305,2.03,7.433,12.88,92.0,27.8
01/18/2022 16:00,1.365,2.6,7.752,12.175,94.0,27.75
01/18/2022 16:30,1.336,2.22,7.029,10.596,95.0,27.55
01/18/2022 17:00,1.225,2.32,6.828,11.222,99.0,27.5
01/18/2022 17:30,1.243,1.97,6.705,10.985,101.0,27.35
01/18/2022 18:00,1.2,2.11,7.05,10.875,101.0,27.35
01/18/2022 18:30,1.202,1.84,6.524,10.359,94.0,27.2
01/18/2022 19:00,1.125,1.94,6.779,12.109,104.0,27.15
01/18/2022 19:30,1.121,1.88,6.555,13.683,104.0,27.1
01/18/2022 20:00,1.204,2.14,7.321,13.86,105.0,27.15
01/18/2022 20:30,1.195,2.07,7.042,13.74,101.0,27.15
01/18/2022 21:00,1.185,1.76,7.316,13.025,98.0,27.15
01/18/2022 21:30,1.134,1.74,7.293,13.083,99.0,27.15
01/18/2022 22:00,1.142,2.26,7.239,11.586,104.0,27.15
01/18/2022 22:30,1.198,2.02,7.527,13.149,108.0,27.1
01/18/2022 23:00,1.153,1.85,7.353,14.731,104.0,27.05
01/18/2022 23:30,1.275,2.21,8.223,13.793,102.0,27.0
01/19/2022 00:00,1.296,2.25,7.887,13.511,105.0,26.95
01/19/2022 00:30,1.33,2.42,7.903,13.21,106.0,26.85
01/19/2022 01:00,1.275,2.15,7.697,12.266,99.0,26.8
01/19/2022 01:30,1.302,2.18,7.549,13.951,104.0,26.8
01/19/2022 02:00,1.386,2.29,7.662,13.907,111.0,26.85
01/19/2022 02:30,1.508,2.48,8.154,12.214,108.0,26.95
01/19/2022 03:00,1.307,2.11,7.574,13.119,102.0,27.0
01/19/2022 03:30,1.359,2.25,7.46,13.245,99.0,27.1
01/19/2022 04:00,1.416,2.37,7.566,12.047,102.0,27.1
01/19/2022 04:30,1.451,2.27,7.898,12.457,105.0,27.1
01/19/2022 05:00,1.401,2.18,7.622,13.677,101.0,27.2
01/19/2022 05:30,1.576,2.64,7.887,14.697,106.0,27.2
01/19/2022 06:00,1.582,2.73,7.827,13.213,97.0,27.15
01/19/2022 06:30,1.536,2.63,7.972,13.661,102.0,27.2
01/19/2022 07:00,1.625,2.92,8.727,12.754,97.0,27.2
01/19/2022 07:30,1.66,2.69,8.722,13.479,102.0,27.25
01/19/2022 08:00,1.533,2.54,8.131,13.084,102.0,27.3
01/19/2022 08:30,1.447,2.36,7.556,12.909,99.0,27.5
01/19/2022 09:00,1.504,2.45,7.632,12.849,98.0,27.6
01/19/2022 09:30,1.352,2.14,7.354,12.895,101.0,27.85
01/19/2022 10:00,1.382,2.1,7.339,12.11,99.0,28.2
01/19/2022 10:30,1.383,2.05,7.478,12.754,106.0,28.3
01/19/2022 11:00,1.399,2.05,7.611,11.443,102.0,28.35
01/19/2022 11:30,1.343,2.36,7.261,13.632,98.0,28.35
01/19/2022 12:00,1.233,2.3,6.424,12.104,105.0,28.45
01/19/2022 12:30,1.254,1.94,7.286,13.692,95.0,28.4
01/19/2022 13:00,1.282,1.78,7.13,11.233,102.0,28.45
01/19/2022 13:30,1.301,2.03,6.898,10.966,92.0,28.45
01/19/2022 14:00,1.167,1.76,6.376,13.743,95.0,28.5
01/19/2022 14:30,1.249,2.12,6.926,12.722,101.0,28.45
01/19/2022 15:00,1.182,2.33,6.681,10.767,94.0,28.45
01/19/2022 15:30,1.178,2.3,6.644,12.901,83.0,28.45
01/19/2022 16:00,1.249,1.96,7.141,12.802,94.0,28.3
01/19/2022 16:30,1.195,1.9,6.71,11.255,88.0,28.35
01/19/2022 17:00,1.159,2.05,6.641,12.135,90.0,28.2
01/19/2022 17:30,1.206,1.88,6.746,12.731,91.0,28.15
01/19/2022 18:00,1.101,2.1,6.128,10.247,98.0,28.1
01/19/2022 18:30,1.159,1.66,6.33,12.16,81.0,27.95
01/19/2022 19:00,1.15,2.02,6.539,9.818,84.0,28.0
01/19/2022 19:30,1.141,1.97,6.31,9.854,94.0,28.0
01/19/2022 20:00,1.114,1.96,6.404,10.803,98.0,28.05
01/19/2022 20:30,1.05,1.77,6.271,12.907,87.0,28.0
01/19/2022 21:00,1.122,1.7,6.195,12.121,83.0,27.85
01/19/2022 21:30,1.138,1.93,6.379,9.847,97.0,27.75
01/19/2022 22:00,1.173,2.02,6.078,12.193,104.0,27.6
01/19/2022 22:30,1.111,1.72,5.833,12.202,104.0,27.55
01/19/2022 23:00,1.137,1.62,5.987,12.149,104.0,27.45
01/19/2022 23:30,1.198,1.72,6.13,12.142,98.0,27.4
01/20/2022 00:00,1.174,1.86,6.088,12.151,98.0,27.4
01/20/2022 00:30,1.19,1.77,6.176,11.652,97.0,27.35
01/20/2022 01:00,1.238,2.05,6.539,11.613,106.0,27.4
01/20/2022 01:30,1.213,1.94,5.893,11.935,101.0,27.4
01/20/2022 02:00,1.292,2.2,5.612,11.493,98.0,27.35
01/20/2022 02:30,1.26,2.26,5.844,11.018,94.0,27.3
01/20/2022 03:00,1.227,1.93,5.624,12.109,95.0,27.25
01/20/2022 03:30,1.267,1.92,6.017,10.455,97.0,27.25
01/20/2022 04:00,1.144,1.8,5.824,12.791,92.0,27.25
01/20/2022 04:30,1.16,1.94,5.79,7.265,90.0,27.3
01/20/2022 05:00,1.267,1.82,6.214,10.969,101.0,27.35
01/20/2022 05:30,1.198,1.97,5.823,10.878,101.0,27.35
01/20/2022 06:00,1.212,2.01,5.768,12.079,101.0,27.35
01/20/2022 06:30,1.16,2.02,5.394,11.451,98.0,27.4
01/20/2022 07:00,1.277,2.1,5.222,12.073,99.0,27.4
01/20/2022 07:30,1.239,1.816,5.325,11.281,97.0,27.45
01/20/2022 08:00,1.251,2.38,5.171,11.528,98.0,27.45
01/20/2022 08:30,1.274,2.0,5.095,10.01,91.0,27.45
01/20/2022 09:00,1.211,1.93,5.06,9.808,87.0,27.5
01/20/2022 09:30,1.337,2.14,5.431,10.902,92.0,27.55
01/20/2022 10:00,1.216,1.88,5.14,11.428,95.0,27.55
01/20/2022 10:30,1.153,1.672,4.856,10.897,92.0,27.55
01/20/2022 11:00,1.202,1.87,5.228,10.782,97.0,27.55
01/20/2022 11:30,1.18,2.22,5.237,10.754,101.0,27.55
01/20/2022 12:00,1.167,1.85,5.024,10.811,104.0,27.55
01/20/2022 12:30,1.074,1.91,5.354,9.727,99.0,27.5
01/20/2022 13:00,1.145,2.09,5.694,8.182,104.0,27.4
01/20/2022 13:30,1.112,2.01,5.288,9.82,102.0,27.35
01/20/2022 14:00,1.147,2.0,5.302,9.064,109.0,27.25
01/20/2022 14:30,1.171,1.806,4.912,7.56,102.0,27.15
01/20/2022 15:00,1.296,2.15,5.027,9.709,106.0,27.1
01/20/2022 15:30,1.343,2.18,5.096,10.854,98.0,27.05
01/20/2022 16:00,1.248,2.11,4.94,7.311,102.0,27.0
01/20/2022 16:30,1.278,2.68,4.728,8.487,98.0,26.95
01/20/2022 17:00,1.361,2.45,4.614,4.615,87.0,26.9
01/20/2022 17:30,1.378,2.5,4.696,4.995,77.0,26.85
01/20/2022 18:00,1.552,2.7,4.732,4.78,109.0,26.8
01/20/2022 18:30,1.538,2.86,4.848,4.933,111.0,26.75
01/20/2022 19:00,1.602,2.586,4.699,5.338,109.0,26.7
01/20/2022 19:30,1.58,2.821,4.659,5.473,116.0,26.6
01/20/2022 20:00,1.779,2.88,4.978,5.21,113.0,26.55
01/20/2022 20:30,1.726,2.85,5.016,6.381,111.0,26.55
01/20/2022 21:00,1.83,3.35,5.042,5.962,113.0,26.5
01/20/2022 21:30,1.802,3.58,5.019,5.964,122.0,26.45
01/20/2022 22:00,1.803,3.55,5.129,6.342,113.0,26.4
01/20/2022 22:30,1.729,3.18,4.994,6.327,105.0,26.45
01/20/2022 23:00,1.742,2.741,5.115,5.804,109.0,26.4
01/20/2022 23:30,1.867,3.2,5.332,6.517,115.0,26.4
01/21/2022 00:00,1.819,3.554,5.138,6.18,112.0,26.4
01/21/2022 00:30,2.002,3.174,5.226,6.85,108.0,26.35
01/21/2022 01:00,2.061,3.77,5.211,6.792,104.0,26.4
01/21/2022 01:30,2.394,4.304,5.326,6.761,112.0,26.4
01/21/2022 02:00,2.457,4.241,5.739,6.815,113.0,26.35
01/21/2022 02:30,2.257,3.67,5.444,7.038,111.0,26.25
01/21/2022 03:00,2.168,3.222,5.535,6.802,109.0,26.25
01/21/2022 03:30,2.317,3.429,5.445,7.839,112.0,26.35
01/21/2022 04:00,2.435,3.873,5.637,6.34,109.0,26.3
01/21/2022 04:30,2.587,4.06,5.831,7.296,120.0,26.2
01/21/2022 05:00,2.755,4.72,6.031,6.803,113.0,26.2
01/21/2022 05:30,2.486,3.99,5.694,6.804,113.0,26.2
01/21/2022 06:00,2.598,4.169,5.832,8.529,119.0,26.15
01/21/2022 06:30,2.851,5.213,5.941,8.157,-99.9,26.15
01/21/2022 07:00,2.725,5.154,5.927,8.141,125.0,26.15
01/21/2022 07:30,2.698,5.574,6.034,8.422,122.0,26.2
01/21/2022 08:00,2.61,4.122,6.028,9.021,119.0,26.25
01/21/2022 08:30,2.792,5.23,5.833,8.141,120.0,26.3
01/21/2022 09:00,2.681,4.425,5.897,7.867,128.0,26.3
01/21/2022 09:30,2.544,3.8,6.032,7.736,118.0,26.3
01/21/2022 10:00,2.621,4.02,6.043,10.235,116.0,26.3
01/21/2022 10:30,2.463,4.976,6.111,9.228,122.0,26.35
01/21/2022 11:00,2.524,3.763,5.919,7.64,122.0,26.35
01/21/2022 11:30,2.436,3.812,5.991,8.565,120.0,26.3
01/21/2022 12:00,2.631,4.34,5.804,8.155,109.0,26.3
01/21/2022 12:30,2.688,5.711,5.995,7.06,113.0,26.35
01/21/2022 13:00,2.449,4.128,5.76,7.257,118.0,26.35
01/21/2022 13:30,2.336,3.65,5.802,8.534,112.0,26.35
01/21/2022 14:00,2.404,4.176,5.848,8.406,111.0,26.35
01/21/2022 14:30,2.296,3.383,5.693,7.16,111.0,26.35
01/21/2022 15:00,2.217,3.631,5.499,9.936,108.0,26.35
01/21/2022 15:30,2.432,4.146,5.819,7.544,108.0,26.35
01/21/2022 16:00,2.442,3.471,5.823,7.949,104.0,26.35
01/21/2022 16:30,2.47,4.034,5.765,8.349,97.0,26.35
01/21/2022 17:00,2.357,3.581,6.058,10.223,104.0,26.35
01/21/2022 17:30,2.458,4.145,5.766,8.15,111.0,26.35
01/21/2022 18:00,2.475,4.016,6.028,9.779,106.0,26.3
01/21/2022 18:30,2.327,3.68,5.584,7.821,111.0,26.3
01/21/2022 19:00,2.411,3.919,5.882,9.391,105.0,26.25
01/21/2022 19:30,2.326,4.01,5.629,7.685,108.0,26.25
01/21/2022 20:00,2.383,3.78,5.799,8.258,106.0,26.25
01/21/2022 20:30,2.338,3.603,5.692,6.153,111.0,26.25
01/21/2022 21:00,2.26,4.286,5.735,10.222,111.0,26.25
01/21/2022 21:30,2.369,3.66,6.007,8.572,120.0,26.25
01/21/2022 22:00,2.334,4.06,6.02,7.239,102.0,26.2
01/21/2022 22:30,2.26,3.64,5.802,7.293,119.0,26.2
01/21/2022 23:00,2.309,3.757,5.718,9.782,106.0,26.2
01/21/2022 23:30,2.349,3.9,5.467,9.841,99.0,26.2
01/22/2022 00:00,2.463,4.09,5.991,9.335,118.0,26.2
01/22/2022 00:30,2.59,4.01,5.936,8.226,101.0,26.2
01/22/2022 01:00,2.342,3.85,5.834,9.327,109.0,26.2
01/22/2022 01:30,2.405,3.65,5.759,8.535,115.0,26.2
01/22/2022 02:00,2.176,3.38,5.7,8.94,102.0,26.2
01/22/2022 02:30,2.306,3.687,5.836,7.923,109.0,26.2
01/22/2022 03:00,2.332,4.41,5.734,9.125,112.0,26.2
01/22/2022 03:30,2.296,3.78,5.771,7.285,108.0,26.2
01/22/2022 04:00,2.238,3.97,5.777,9.259,102.0,26.15
01/22/2022 04:30,2.121,3.74,5.543,7.887,105.0,26.15
01/22/2022 05:00,2.237,3.528,5.647,8.914,112.0,26.1
01/22/2022 05:30,2.154,3.42,5.508,8.164,102.0,26.15
01/22/2022 06:00,2.233,5.05,5.792,8.408,108.0,26.1
01/22/2022 06:30,2.245,3.4,5.832,8.316,104.0,26.1
01/22/2022 07:00,2.295,4.34,5.864,9.282,102.0,26.1
01/22/2022 07:30,2.339,3.904,5.832,8.785,99.0,26.1
01/22/2022 08:00,2.215,4.05,5.863,9.28,99.0,26.1
01/22/2022 08:30,2.129,3.99,5.602,8.891,105.0,26.1
01/22/2022 09:00,2.013,3.022,5.671,8.205,108.0,26.15
01/22/2022 09:30,2.164,3.38,6.379,8.902,111.0,26.15
01/22/2022 10:00,1.989,3.08,5.834,9.186,109.0,26.15
01/22/2022 10:30,1.972,3.14,5.815,9.292,111.0,26.15
01/22/2022 11:00,1.929,3.37,5.662,8.825,115.0,26.15
01/22/2022 11:30,1.887,4.047,5.517,9.296,112.0,26.15
01/22/2022 12:00,1.795,3.37,5.481,8.325,113.0,26.15
01/22/2022 12:30,2.034,3.56,5.928,8.588,109.0,26.2
01/22/2022 13:00,1.945,2.9,6.131,8.741,108.0,26.2
01/22/2022 13:30,1.943,3.17,5.994,8.484,113.0,26.2
01/22/2022 14:00,1.852,2.88,5.82,9.698,109.0,26.3
01/22/2022 14:30,1.833,2.85,5.665,9.295,104.0,26.25
01/22/2022 15:00,1.954,3.04,6.091,9.253,106.0,26.25
01/22/2022 15:30,1.747,2.59,5.692,7.953,108.0,26.2
01/22/2022 16:00,1.834,3.31,5.529,9.268,109.0,26.2
01/22/2022 16:30,1.645,2.71,5.407,7.887,109.0,26.2
01/22/2022 17:00,1.751,3.01,5.452,9.035,102.0,26.25
01/22/2022 17:30,1.749,2.99,5.542,8.165,94.0,26.25
01/22/2022 18:00,1.725,2.65,5.661,8.898,97.0,26.3
01/22/2022 18:30,1.714,3.25,5.522,7.872,109.0,26.25
01/22/2022 19:00,1.718,3.62,5.438,8.258,97.0,26.25
01/22/2022 19:30,1.714,2.628,5.466,8.492,108.0,26.25
01/22/2022 20:00,1.665,2.689,5.269,8.916,102.0,26.25
01/22/2022 20:30,1.647,2.69,5.228,7.579,106.0,26.3
01/22/2022 21:00,1.75,2.95,5.41,8.847,98.0,26.3
01/22/2022 21:30,1.731,2.74,5.256,9.19,112.0,26.3
01/22/2022 22:00,1.693,2.985,5.211,7.185,109.0,26.35
01/22/2022 22:30,1.601,3.4,5.29,7.848,111.0,26.35
01/22/2022 23:00,1.566,2.58,5.418,8.729,105.0,26.35
01/22/2022 23:30,1.601,2.43,5.48,9.302,101.0,26.35
01/23/2022 00:00,1.676,3.08,5.775,7.649,101.0,26.35
01/23/2022 00:30,1.641,2.78,5.664,8.87,98.0,26.35
01/23/2022 01:00,1.515,2.49,5.52,8.8,105.0,26.35
01/23/2022 01:30,1.626,2.75,5.533,8.843,112.0,26.35
01/23/2022 02:00,1.623,3.34,5.4,9.071,105.0,26.35
01/23/2022 02:30,1.724,2.74,5.47,8.494,101.0,26.35
01/23/2022 03:00,1.632,2.62,5.191,7.755,115.0,26.4
01/23/2022 03:30,1.621,2.43,5.484,8.85,105.0,26.35
01/23/2022 04:00,1.471,3.01,5.139,7.594,105.0,26.35
01/23/2022 04:30,1.423,1.87,5.286,7.868,112.0,26.35
01/23/2022 05:00,1.502,2.51,5.453,7.859,108.0,26.35
01/23/2022 05:30,1.528,2.58,5.743,9.641,108.0,26.35
01/23/2022 06:00,1.423,2.33,5.514,8.44,109.0,26.35
01/23/2022 06:30,1.496,2.53,5.781,8.263,108.0,26.35
01/23/2022 07:00,1.44,2.36,5.414,8.897,116.0,26.3
01/23/2022 07:30,1.487,2.45,5.456,7.765,104.0,26.35
01/23/2022 08:00,1.418,2.18,5.377,9.57,109.0,26.35
01/23/2022 08:30,1.409,2.59,5.416,8.526,109.0,26.35
01/23/2022 09:00,1.515,2.49,5.438,8.198,102.0,26.3
01/23/2022 09:30,1.409,2.21,5.368,8.203,108.0,26.35
01/23/2022 10:00,1.43,2.14,5.442,7.833,109.0,26.4
01/23/2022 10:30,1.38,2.328,5.159,7.909,104.0,26.4
01/23/2022 11:00,1.403,2.48,5.253,8.641,102.0,26.4
01/23/2022 11:30,1.34,2.31,5.33,8.871,104.0,26.4
01/23/2022 12:00,1.35,2.31,5.322,9.238,104.0,26.4
01/23/2022 12:30,1.4,2.08,5.917,8.677,87.0,26.45
01/23/2022 13:00,1.326,2.25,5.874,8.634,95.0,26.45
01/23/2022 13:30,1.306,2.11,5.933,8.763,105.0,26.5
01/23/2022 14:00,1.338,3.17,5.786,8.9,102.0,26.55
01/23/2022 14:30,1.294,2.0,5.839,8.202,95.0,26.55
01/23/2022 15:00,1.266,2.06,5.428,8.574,109.0,26.55
01/23/2022 15:30,1.289,2.2,5.471,8.377,95.0,26.55
01/23/2022 16:00,1.272,2.4,5.215,8.194,87.0,26.55
01/23/2022 16:30,1.317,2.23,5.663,9.138,92.0,26.55
01/23/2022 17:00,1.298,2.43,5.777,8.845,94.0,26.55
01/23/2022 17:30,1.196,2.033,5.332,8.213,97.0,26.55
01/23/2022 18:00,1.378,2.5,5.992,9.336,95.0,26.55
01/23/2022 18:30,1.353,2.37,6.041,8.906,95.0,26.6
01/23/2022 19:00,1.31,2.33,5.734,9.525,88.0,26.6
01/23/2022 19:30,1.344,1.97,5.846,8.563,90.0,26.6
01/23/2022 20:00,1.394,2.31,5.584,8.594,91.0,26.6
01/23/2022 20:30,1.368,2.62,5.779,9.678,102.0,26.55
01/23/2022 21:00,1.373,2.14,5.969,11.465,97.0,26.55
01/23/2022 21:30,1.42,2.15,6.092,8.441,88.0,26.55
01/23/2022 22:00,1.462,2.55,6.143,8.543,99.0,26.55
01/23/2022 22:30,1.37,2.23,6.015,9.392,97.0,26.55
01/23/2022 23:00,1.347,2.93,6.161,8.916,92.0,26.55
01/23/2022 23:30,1.387,2.02,6.34,9.686,92.0,26.55
01/24/2022 00:00,1.472,2.38,6.663,9.336,94.0,26.55
01/24/2022 00:30,1.32,1.99,6.222,9.402,90.0,26.55
01/24/2022 01:00,1.337,2.02,6.139,9.749,91.0,26.55
01/24/2022 01:30,1.296,1.92,6.091,9.273,90.0,26.55
01/24/2022 02:00,1.313,2.08,5.974,9.885,97.0,26.55
01/24/2022 02:30,1.264,2.26,5.989,9.275,95.0,26.55
01/24/2022 03:00,1.185,1.92,6.192,10.844,101.0,26.55
01/24/2022 03:30,1.259,2.12,6.205,9.401,105.0,26.55
01/24/2022 04:00,1.397,2.29,6.49,8.937,99.0,26.55
01/24/2022 04:30,1.294,2.4,6.001,9.9,92.0,26.55
01/24/2022 05:00,1.266,2.25,5.861,9.768,101.0,26.55
01/24/2022 05:30,1.444,2.25,6.473,10.206,84.0,26.55
01/24/2022 06:00,1.316,2.4,6.309,9.255,85.0,26.55
01/24/2022 06:30,1.308,2.04,6.292,9.778,92.0,26.55
01/24/2022 07:00,1.26,2.18,6.108,9.273,85.0,26.55
01/24/2022 07:30,1.295,2.45,6.196,9.579,90.0,26.55
01/24/2022 08:00,1.282,2.29,6.244,10.095,91.0,26.55
01/24/2022 08:30,1.218,2.03,5.809,10.279,97.0,26.55
01/24/2022 09:00,1.419,2.71,6.44,10.375,99.0,26.6
01/24/2022 09:30,1.362,2.34,6.362,10.82,104.0,26.6
01/24/2022 10:00,1.345,2.22,6.318,10.325,95.0,26.6
01/24/2022 10:30,1.368,2.27,6.608,9.715,90.0,26.7
01/24/2022 11:00,1.356,2.1,6.386,10.412,99.0,26.7
01/24/2022 11:30,1.515,2.41,7.309,9.906,91.0,26.75
01/24/2022 12:00,1.396,2.62,6.765,10.416,95.0,26.75
01/24/2022 12:30,1.545,2.76,7.246,10.466,91.0,26.8
01/24/2022 13:00,1.365,2.3,6.639,10.719,95.0,26.85
01/24/2022 13:30,1.539,2.52,7.091,10.091,91.0,26.95
01/24/2022 14:00,1.481,2.342,6.448,10.262,92.0,26.9
01/24/2022 14:30,1.522,2.56,6.4,9.946,94.0,26.9
01/24/2022 15:00,1.429,2.22,6.575,10.676,90.0,26.9
01/24/2022 15:30,1.339,2.53,6.594,10.764,94.0,26.9
01/24/2022 16:00,1.355,2.27,6.512,9.681,95.0,26.95
01/24/2022 16:30,1.34,2.52,6.442,10.71,97.0,26.9
01/24/2022 17:00,1.382,2.09,6.748,10.746,90.0,26.9
01/24/2022 17:30,1.356,2.13,6.6,9.673,99.0,26.9
01/24/2022 18:00,1.292,2.63,6.116,9.755,106.0,26.85
01/24/2022 18:30,1.385,2.1,6.657,9.811,99.0,26.85
01/24/2022 19:00,1.449,2.33,6.789,10.753,97.0,26.85
01/24/2022 19:30,1.338,2.27,7.02,9.158,97.0,26.85
01/24/2022 20:00,1.224,2.01,6.206,10.241,85.0,26.8
01/24/2022 20:30,1.251,1.94,6.472,9.308,94.0,26.85
01/24/2022 21:00,1.33,2.17,6.682,9.353,95.0,26.8
01/24/2022 21:30,1.322,2.75,6.686,9.716,95.0,26.8
01/24/2022 22:00,1.252,2.12,6.647,9.282,102.0,26.8
01/24/2022 22:30,1.166,2.08,6.572,9.427,104.0,26.8
01/24/2022 23:00,1.363,2.39,6.79,10.555,98.0,26.8
01/24/2022 23:30,1.212,1.88,6.494,9.352,105.0,26.85
01/25/2022 00:00,1.392,2.23,7.105,10.277,104.0,26.85
01/25/2022 00:30,1.266,2.22,6.631,10.631,98.0,26.85
01/25/2022 01:00,1.271,2.13,6.812,10.446,101.0,26.8
01/25/2022 01:30,1.298,1.96,7.1,10.064,95.0,26.8
01/25/2022 02:00,1.166,2.18,6.426,9.975,104.0,26.8
01/25/2022 02:30,1.222,2.08,6.644,10.035,104.0,26.8
01/25/2022 03:00,1.125,1.84,6.604,10.515,98.0,26.8
01/25/2022 03:30,1.179,1.88,6.815,10.677,104.0,26.75
01/25/2022 04:00,1.079,1.71,6.487,10.19,105.0,26.8
01/25/2022 04:30,1.125,2.25,6.867,9.749,109.0,26.8
01/25/2022 05:00,1.093,1.96,6.434,9.472,99.0,26.8
01/25/2022 05:30,1.025,1.8,6.614,9.917,104.0,26.75
01/25/2022 06:00,1.055,1.56,6.616,9.946,95.0,26.75
01/25/2022 06:30,1.033,1.64,6.824,10.7,109.0,26.75
01/25/2022 07:00,1.037,1.65,6.564,10.731,101.0,26.75
01/25/2022 07:30,1.02,1.73,6.341,10.059,104.0,26.75
01/25/2022 08:00,1.083,1.76,6.627,10.28,92.0,26.75
01/25/2022 08:30,0.986,1.54,6.059,9.886,97.0,26.8
01/25/2022 09:00,1.03,1.69,6.274,9.718,102.0,26.85
01/25/2022 09:30,1.038,1.68,6.906,10.218,97.0,26.9
01/25/2022 10:00,0.948,1.6,6.158,10.191,97.0,26.95
01/25/2022 10:30,1.024,1.86,6.723,9.796,105.0,27.0
01/25/2022 11:00,0.986,1.87,6.512,10.204,106.0,27.25
01/25/2022 11:30,0.994,1.6,6.911,9.446,99.0,27.4
01/25/2022 12:00,1.004,1.63,6.852,9.306,106.0,27.55
01/25/2022 12:30,0.997,1.61,6.951,9.644,102.0,27.55
01/25/2022 13:00,1.054,1.81,6.851,9.789,108.0,27.65
01/25/2022 13:30,1.11,1.78,7.129,9.412,118.0,27.65
01/25/2022 14:00,0.987,1.7,7.151,9.405,111.0,27.55
01/25/2022 14:30,1.122,1.97,7.293,9.213,109.0,27.5
01/25/2022 15:00,1.093,1.76,7.192,9.262,113.0,27.4
01/25/2022 15:30,1.154,1.81,7.265,10.703,116.0,27.3
01/25/2022 16:00,1.121,1.71,7.045,10.751,112.0,27.25
01/25/2022 16:30,1.368,1.96,8.156,10.293,119.0,27.25
01/25/2022 17:00,1.16,1.71,7.151,10.841,113.0,27.2
01/25/2022 17:30,1.199,2.01,7.293,10.275,108.0,27.2
01/25/2022 18:00,1.296,2.05,7.812,10.804,118.0,27.2
01/25/2022 18:30,1.147,1.78,7.271,10.26,115.0,27.15
01/25/2022 19:00,1.301,2.29,8.034,10.725,118.0,27.15
01/25/2022 19:30,1.192,1.71,7.154,9.831,128.0,27.15
01/25/2022 20:00,1.185,1.81,7.493,9.357,115.0,27.1
01/25/2022 20:30,1.166,1.89,7.71,10.759,109.0,27.05
01/25/2022 21:00,1.169,1.7,7.403,10.71,120.0,27.0
01/25/2022 21:30,1.183,1.82,7.49,10.23,119.0,27.0
01/25/2022 22:00,0.966,1.57,6.693,10.658,116.0,27.0
01/25/2022 22:30,1.018,1.92,6.981,9.267,116.0,27.0
01/25/2022 23:00,1.062,1.74,6.896,10.207,108.0,27.0
01/25/2022 23:30,1.105,1.73,7.429,10.175,119.0,27.0
01/26/2022 00:00,1.073,1.62,7.363,10.617,122.0,26.95
01/26/2022 00:30,1.047,1.9,7.128,10.228,118.0,26.95
01/26/2022 01:00,1.08,1.82,6.883,10.368,115.0,26.95
01/26/2022 01:30,1.121,2.17,7.466,10.166,116.0,27.0
01/26/2022 02:00,1.228,1.73,7.591,10.247,111.0,27.0
01/26/2022 02:30,1.134,1.91,7.574,10.593,113.0,26.95
01/26/2022 03:00,1.12,1.61,7.643,9.779,112.0,26.95
01/26/2022 03:30,1.14,1.82,7.824,10.641,115.0,26.95
01/26/2022 04:00,1.044,1.77,7.48,10.368,113.0,26.95
01/26/2022 04:30,1.165,1.63,7.652,9.886,116.0,26.95
01/26/2022 05:00,1.193,1.81,7.304,9.874,125.0,26.95
01/26/2022 05:30,1.044,1.98,6.864,9.825,116.0,26.95
01/26/2022 06:00,1.156,2.02,8.026,10.146,116.0,26.95
01/26/2022 06:30,1.064,1.69,7.575,10.031,111.0,26.95
01/26/2022 07:00,1.077,1.63,7.25,9.755,119.0,26.95
01/26/2022 07:30,1.06,1.66,7.179,10.617,120.0,26.95
01/26/2022 08:00,1.122,1.74,7.802,10.116,123.0,26.95
01/26/2022 08:30,1.088,1.95,7.744,10.209,102.0,27.0
01/26/2022 09:00,1.081,1.87,7.672,10.217,105.0,27.05
01/26/2022 09:30,1.024,1.56,7.53,10.311,108.0,27.45
01/26/2022 10:00,1.156,1.53,7.865,10.258,105.0,27.65
01/26/2022 10:30,1.086,1.71,7.369,9.624,113.0,27.6
01/26/2022 11:00,1.062,1.88,7.647,10.114,102.0,27.35
01/26/2022 11:30,1.037,1.73,7.532,9.992,116.0,27.4
01/26/2022 12:00,1.025,1.75,7.479,10.044,119.0,27.3
01/26/2022 12:30,1.052,1.65,7.476,9.817,122.0,27.2
01/26/2022 13:00,1.061,1.7,7.476,12.178,128.0,27.15
01/26/2022 13:30,1.102,1.69,7.393,9.258,113.0,27.15
01/26/2022 14:00,1.018,1.81,5.599,12.217,119.0,27.1
01/26/2022 14:30,1.199,1.86,5.849,11.847,115.0,27.0
01/26/2022 15:00,1.083,1.77,5.696,12.185,94.0,27.0
01/26/2022 15:30,1.203,1.86,6.177,12.661,113.0,27.0
01/26/2022 16:00,1.148,2.15,5.521,10.315,92.0,27.0
01/26/2022 16:30,1.092,1.71,5.509,13.615,94.0,26.95
01/26/2022 17:00,1.18,1.99,5.75,12.165,94.0,26.95
01/26/2022 17:30,1.155,2.04,5.997,12.153,91.0,26.9
01/26/2022 18:00,1.147,1.9,5.77,11.45,88.0,26.9
01/26/2022 18:30,1.225,2.39,6.058,12.568,87.0,26.9
01/26/2022 19:00,1.138,1.92,5.746,9.531,88.0,26.85
01/26/2022 19:30,1.104,1.86,5.57,12.283,94.0,26.85
01/26/2022 20:00,1.078,2.02,5.519,12.129,90.0,26.85
01/26/2022 20:30,1.155,2.1,6.074,9.784,101.0,26.85
01/26/2022 21:00,1.126,1.98,5.714,9.69,104.0,26.85
01/26/2022 21:30,1.181,1.98,5.583,11.604,92.0,26.85
01/26/2022 22:00,1.136,1.71,5.472,9.353,92.0,26.85
01/26/2022 22:30,1.176,1.84,5.302,11.447,95.0,26.85
01/26/2022 23:00,1.217,1.86,5.561,12.888,97.0,26.8
01/26/2022 23:30,1.199,1.85,5.445,11.596,97.0,26.8
01/27/2022 00:00,1.143,2.2,5.607,12.894,97.0,26.85
01/27/2022 00:30,1.078,1.81,5.431,12.862,104.0,26.85
01/27/2022 01:00,1.089,1.94,5.986,11.479,94.0,26.85
01/27/2022 01:30,1.071,2.01,5.614,8.953,83.0,26.85
01/27/2022 02:00,1.141,1.72,6.127,8.856,106.0,26.8
01/27/2022 02:30,1.061,1.61,6.33,12.573,116.0,26.8
01/27/2022 03:00,1.064,2.03,5.987,12.314,91.0,26.8
01/27/2022 03:30,1.023,1.75,5.832,11.309,95.0,26.8
01/27/2022 04:00,0.973,1.54,5.763,12.165,90.0,26.8
01/27/2022 04:30,1.03,1.71,5.985,11.947,105.0,26.8
01/27/2022 05:00,1.048,1.72,5.255,12.279,90.0,26.8
01/27/2022 05:30,1.064,1.83,5.192,8.992,98.0,26.8
01/27/2022 06:00,1.034,1.65,5.275,8.883,111.0,26.8
01/27/2022 06:30,0.994,1.44,5.45,12.658,95.0,26.75
01/27/2022 07:00,1.058,1.77,5.153,12.313,92.0,26.75
01/27/2022 07:30,1.051,1.65,5.57,11.528,92.0,26.75
01/27/2022 08:00,0.954,1.53,5.611,11.05,97.0,26.75
01/27/2022 08:30,1.036,1.93,5.472,12.693,101.0,26.75
01/27/2022 09:00,1.12,2.13,5.177,8.541,97.0,26.75
01/27/2022 09:30,1.125,2.08,5.134,11.777,118.0,26.75
01/27/2022 10:00,1.109,1.95,4.993,8.905,97.0,26.75
01/27/2022 10:30,1.088,1.97,4.837,8.624,113.0,26.75
01/27/2022 11:00,1.089,1.63,4.993,9.25,99.0,26.75
01/27/2022 11:30,1.069,1.78,4.906,12.096,87.0,26.8
01/27/2022 12:00,1.087,1.58,5.16,12.064,91.0,26.8
01/27/2022 12:30,1.073,1.79,5.148,8.492,91.0,26.85
01/27/2022 13:00,1.045,1.82,4.92,8.877,119.0,26.85
01/27/2022 13:30,1.099,1.81,4.867,12.127,94.0,26.85
01/27/2022 14:00,1.147,2.04,5.272,11.383,88.0,26.9
01/27/2022 14:30,1.098,1.76,4.681,12.055,91.0,26.95
01/27/2022 15:00,1.076,1.83,4.81,11.441,95.0,26.9
01/27/2022 15:30,1.172,1.92,5.07,12.007,94.0,26.9
01/27/2022 16:00,1.125,1.83,4.819,11.953,98.0,26.9
01/27/2022 16:30,1.127,1.93,4.805,11.532,92.0,26.9
01/27/2022 17:00,1.131,1.88,4.987,10.86,101.0,26.9
01/27/2022 17:30,1.109,1.66,4.796,10.841,88.0,26.9
01/27/2022 18:00,1.084,1.87,4.919,10.873,91.0,26.85
01/27/2022 18:30,1.043,1.64,5.087,11.612,87.0,26.85
01/27/2022 19:00,1.055,1.75,5.071,12.081,88.0,26.85
01/27/2022 19:30,1.042,1.74,5.388,11.842,88.0,26.85
01/27/2022 20:00,1.054,1.53,5.561,11.608,94.0,26.85
01/27/2022 20:30,1.048,1.74,5.162,11.529,95.0,26.85
01/27/2022 21:00,1.116,1.62,5.292,10.511,92.0,26.85
01/27/2022 21:30,1.064,1.83,5.096,11.274,92.0,26.8
01/27/2022 22:00,1.05,1.82,4.901,11.286,101.0,26.8
01/27/2022 22:30,1.089,2.03,5.196,12.072,95.0,26.8
01/27/2022 23:00,1.062,1.73,5.029,12.03,92.0,26.8
01/27/2022 23:30,1.133,2.01,5.207,11.404,90.0,26.8
01/28/2022 00:00,1.148,2.13,5.192,11.568,91.0,26.8
01/28/2022 00:30,1.084,1.75,5.2,11.433,101.0,26.8
01/28/2022 01:00,1.125,1.58,5.203,10.779,92.0,26.8
01/28/2022 01:30,1.113,1.94,4.982,10.87,91.0,26.75
01/28/2022 02:00,1.087,1.64,5.238,10.732,92.0,26.75
01/28/2022 02:30,1.066,1.98,4.971,10.701,92.0,26.75
01/28/2022 03:00,1.069,1.74,4.941,10.869,98.0,26.75
01/28/2022 03:30,1.103,1.86,5.055,10.174,97.0,26.75
01/28/2022 04:00,1.081,1.87,5.235,11.787,98.0,26.75
01/28/2022 04:30,1.18,2.08,5.288,10.725,97.0,26.75
01/28/2022 05:00,1.098,1.75,5.133,10.601,90.0,26.75
01/28/2022 05:30,1.084,1.9,5.036,11.112,91.0,26.7
01/28/2022 06:00,1.124,1.83,5.205,11.36,92.0,26.75
01/28/2022 06:30,1.117,2.1,5.149,11.509,104.0,26.7
01/28/2022 07:00,1.215,1.87,4.963,11.179,94.0,26.75
01/28/2022 07:30,1.25,1.74,4.896,11.441,98.0,26.75
01/28/2022 08:00,1.338,2.03,4.93,11.708,95.0,26.75
01/28/2022 08:30,1.346,1.95,5.161,11.379,92.0,26.75
01/28/2022 09:00,1.407,2.38,5.01,6.167,95.0,26.75
01/28/2022 09:30,1.404,2.19,4.941,6.034,122.0,26.8
01/28/2022 10:00,1.464,2.38,4.989,5.94,116.0,26.8
01/28/2022 10:30,1.552,2.47,5.199,6.848,120.0,26.8
01/28/2022 11:00,1.459,2.27,5.209,5.8,123.0,26.85
01/28/2022 11:30,1.505,2.63,5.226,6.781,111.0,26.85
01/28/2022 12:00,1.486,2.52,5.134,6.529,123.0,26.9
01/28/2022 12:30,1.47,2.61,5.18,6.4,120.0,26.9
01/28/2022 13:00,1.398,2.26,5.137,6.802,116.0,26.95
01/28/2022 13:30,1.294,2.26,4.902,6.593,128.0,26.95
01/28/2022 14:00,1.3,2.09,4.893,6.758,78.0,26.95
01/28/2022 14:30,1.253,2.06,4.808,6.595,113.0,27.0
01/28/2022 15:00,1.242,1.92,5.071,11.445,116.0,27.0
01/28/2022 15:30,1.258,2.29,5.001,10.829,111.0,27.0
01/28/2022 16:00,1.238,2.09,5.292,6.592,112.0,27.0
01/28/2022 16:30,1.16,2.45,4.781,5.484,106.0,27.0
01/28/2022 17:00,1.218,1.87,4.908,6.768,111.0,27.0
01/28/2022 17:30,1.237,1.81,5.002,6.162,113.0,26.95
01/28/2022 18:00,1.243,1.97,5.054,7.0,88.0,26.95
01/28/2022 18:30,1.231,1.82,4.778,6.355,109.0,26.95
01/28/2022 19:00,1.291,2.13,4.909,6.36,105.0,26.9
01/28/2022 19:30,1.265,2.099,4.875,6.131,106.0,26.9
01/28/2022 20:00,1.3,2.03,4.881,6.144,95.0,26.85
01/28/2022 20:30,1.242,2.34,4.781,10.896,99.0,26.85
01/28/2022 21:00,1.309,2.06,4.898,6.076,98.0,26.85
01/28/2022 21:30,1.251,2.17,4.893,6.724,92.0,26.85
01/28/2022 22:00,1.258,2.28,4.732,5.966,105.0,26.85
01/28/2022 22:30,1.251,1.87,4.94,6.323,111.0,26.85
01/28/2022 23:00,1.268,2.21,5.001,5.954,97.0,26.85
01/28/2022 23:30,1.356,2.15,4.935,5.974,97.0,26.85
01/29/2022 00:00,1.337,2.57,4.755,7.01,105.0,26.85
01/29/2022 00:30,1.349,2.46,4.845,6.574,108.0,26.8
01/29/2022 01:00,1.346,2.31,4.954,6.142,115.0,26.8
01/29/2022 01:30,1.388,2.43,4.988,6.548,115.0,26.8
01/29/2022 02:00,1.392,2.59,5.047,6.35,94.0,26.8
01/29/2022 02:30,1.445,2.37,4.797,6.343,109.0,26.8
01/29/2022 03:00,1.537,2.98,5.328,6.196,108.0,26.8
01/29/2022 03:30,1.45,2.38,4.79,7.153,105.0,26.8
01/29/2022 04:00,1.527,2.38,5.432,6.669,109.0,26.8
01/29/2022 04:30,1.474,2.54,5.177,6.816,116.0,26.8
01/29/2022 05:00,1.399,2.3,5.08,6.983,112.0,26.8
01/29/2022 05:30,1.433,2.21,5.164,6.444,113.0,26.8
01/29/2022 06:00,1.385,2.47,5.084,6.575,108.0,26.8
01/29/2022 06:30,1.335,2.18,5.027,6.508,109.0,26.75
01/29/2022 07:00,1.388,2.2,5.144,7.249,106.0,26.8
01/29/2022 07:30,1.319,1.9,5.141,5.971,109.0,26.8
01/29/2022 08:00,1.33,2.55,5.181,6.836,95.0,26.8
01/29/2022 08:30,1.408,2.35,5.056,6.343,104.0,26.8
01/29/2022 09:00,1.348,2.13,4.924,7.075,99.0,26.8
01/29/2022 09:30,1.389,2.51,5.146,7.075,101.0,26.8
01/29/2022 10:00,1.289,2.48,4.895,6.984,105.0,26.8
01/29/2022 10:30,1.408,2.295,5.126,6.551,97.0,26.8
01/29/2022 11:00,1.526,2.52,4.985,6.383,108.0,26.8
01/29/2022 11:30,1.395,2.37,4.929,6.775,104.0,26.85
01/29/2022 12:00,1.422,2.68,4.953,6.16,104.0,26.85
01/29/2022 12:30,1.451,2.16,5.099,6.323,105.0,26.85
01/29/2022 13:00,1.399,2.01,4.995,6.55,105.0,26.85
01/29/2022 13:30,1.458,2.45,4.832,6.183,98.0,26.9
01/29/2022 14:00,1.446,2.74,4.895,5.979,104.0,26.9
01/29/2022 14:30,1.513,2.38,5.361,6.73,104.0,26.95
01/29/2022 15:00,1.421,2.76,5.162,6.582,97.0,26.95
01/29/2022 15:30,1.528,2.35,5.337,6.544,102.0,26.95
01/29/2022 16:00,1.45,2.71,5.195,6.607,105.0,26.95
01/29/2022 16:30,1.532,2.65,5.363,6.22,98.0,26.95
01/29/2022 17:00,1.5,2.35,5.146,6.133,101.0,26.9
01/29/2022 17:30,1.509,2.657,5.062,6.561,92.0,26.9
01/29/2022 18:00,1.498,2.43,4.98,6.564,98.0,26.9
01/29/2022 18:30,1.45,2.47,5.117,6.775,98.0,26.9
01/29/2022 19:00,1.387,2.47,5.205,6.403,98.0,26.9
01/29/2022 19:30,1.478,2.15,5.066,6.567,95.0,26.85
01/29/2022 20:00,1.559,2.382,5.228,6.547,97.0,26.85
01/29/2022 20:30,1.593,2.39,5.345,7.815,95.0,26.85
01/29/2022 21:00,1.566,2.721,5.398,5.636,104.0,26.85
01/29/2022 21:30,1.523,2.59,5.17,7.005,106.0,26.85
01/29/2022 22:00,1.539,2.75,5.226,6.513,104.0,26.85
01/29/2022 22:30,1.545,2.69,5.27,6.326,95.0,26.85
01/29/2022 23:00,1.546,2.54,5.437,7.335,99.0,26.85
01/29/2022 23:30,1.447,2.31,5.223,6.867,99.0,26.85
01/30/2022 00:00,1.515,2.77,5.603,7.345,101.0,26.8
01/30/2022 00:30,1.433,2.33,4.982,9.923,104.0,26.8
01/30/2022 01:00,1.51,2.68,5.27,6.525,102.0,26.85
01/30/2022 01:30,1.571,2.96,5.446,6.74,94.0,26.8
01/30/2022 02:00,1.674,2.7,5.477,6.578,112.0,26.8
01/30/2022 02:30,1.638,2.64,5.537,7.592,97.0,26.8
01/30/2022 03:00,1.639,2.42,5.588,8.94,106.0,26.8
01/30/2022 03:30,1.707,2.64,5.769,9.127,97.0,26.8
01/30/2022 04:00,1.755,3.26,5.746,7.371,106.0,26.8
01/30/2022 04:30,1.6,2.97,5.224,8.916,98.0,26.8
01/30/2022 05:00,1.668,2.73,5.549,8.186,104.0,26.8
01/30/2022 05:30,1.59,2.66,5.68,7.268,112.0,26.8
01/30/2022 06:00,1.658,2.62,5.266,8.181,99.0,26.8
01/30/2022 06:30,1.569,2.66,5.333,7.539,105.0,26.8
01/30/2022 07:00,1.67,3.04,5.723,8.42,108.0,26.8
01/30/2022 07:30,1.533,2.84,5.375,8.514,101.0,26.8
01/30/2022 08:00,1.523,2.8,5.431,8.906,99.0,26.85
01/30/2022 08:30,1.562,2.6,5.364,7.529,105.0,26.8
01/30/2022 09:00,1.583,3.01,5.5,7.5,94.0,26.8
01/30/2022 09:30,1.488,2.85,5.364,7.629,101.0,26.8
01/30/2022 10:00,1.633,2.52,5.666,10.794,95.0,26.85
01/30/2022 10:30,1.459,2.859,5.361,7.909,98.0,26.85
01/30/2022 11:00,1.576,2.79,5.608,8.26,97.0,26.85
01/30/2022 11:30,1.431,3.17,5.394,8.21,97.0,26.85
01/30/2022 12:00,1.451,2.47,5.317,8.844,91.0,26.9
01/30/2022 12:30,1.476,2.51,5.342,7.972,97.0,26.9
01/30/2022 13:00,1.474,2.45,5.276,7.818,99.0,26.95
01/30/2022 13:30,1.4,2.51,5.151,6.776,101.0,26.95
01/30/2022 14:00,1.395,2.37,5.395,7.585,91.0,27.0
01/30/2022 14:30,1.349,2.06,5.285,8.269,97.0,27.0
01/30/2022 15:00,1.265,2.12,5.238,8.192,97.0,27.0
01/30/2022 15:30,1.326,2.17,5.287,8.279,104.0,27.05
01/30/2022 16:00,1.325,2.02,5.224,7.026,92.0,27.0
01/30/2022 16:30,1.229,2.01,5.282,8.891,99.0,27.0
01/30/2022 17:00,1.313,2.26,5.317,8.486,97.0,26.95
01/30/2022 17:30,1.282,1.98,5.485,8.827,98.0,26.95
01/30/2022 18:00,1.316,2.04,5.503,8.913,98.0,26.9
01/30/2022 18:30,1.241,1.95,5.611,7.949,105.0,26.9
01/30/2022 19:00,1.225,1.94,5.392,8.276,102.0,26.9
01/30/2022 19:30,1.301,2.26,5.276,8.363,99.0,26.9
01/30/2022 20:00,1.23,1.98,5.616,9.281,101.0,26.9
01/30/2022 20:30,1.221,2.16,5.455,8.894,101.0,26.85
01/30/2022 21:00,1.224,1.95,5.628,8.876,105.0,26.9
01/30/2022 21:30,1.29,2.24,5.825,8.487,108.0,26.9
01/30/2022 22:00,1.366,2.3,6.035,8.489,98.0,26.85
01/30/2022 22:30,1.293,2.18,5.85,8.825,99.0,26.85
01/30/2022 23:00,1.175,1.88,6.08,9.064,104.0,26.85
01/30/2022 23:30,1.278,2.09,6.003,9.402,102.0,26.8
01/31/2022 00:00,1.239,2.0,5.528,8.667,101.0,26.8
01/31/2022 00:30,1.397,2.58,5.942,8.244,105.0,26.8
01/31/2022 01:00,1.253,1.98,5.711,8.587,104.0,26.8
01/31/2022 01:30,1.259,2.12,5.82,8.107,95.0,26.8
01/31/2022 02:00,1.294,2.05,6.001,7.899,97.0,26.8
01/31/2022 02:30,1.204,2.05,5.585,8.912,99.0,26.8
01/31/2022 03:00,1.287,2.13,5.698,7.962,98.0,26.8
01/31/2022 03:30,1.33,2.16,5.834,8.355,105.0,26.8
01/31/2022 04:00,1.268,1.96,5.932,7.813,101.0,26.8
01/31/2022 04:30,1.334,2.1,6.034,7.557,101.0,26.85
01/31/2022 05:00,1.289,2.58,5.867,8.556,101.0,26.85
01/31/2022 05:30,1.366,2.48,6.292,7.894,98.0,26.85
01/31/2022 06:00,1.276,2.01,5.937,7.795,102.0,26.85
01/31/2022 06:30,1.246,2.25,6.14,7.833,102.0,26.85
01/31/2022 07:00,1.228,1.86,5.94,10.774,102.0,26.85
01/31/2022 07:30,1.291,2.3,6.15,7.868,109.0,26.85
01/31/2022 08:00,1.309,2.32,6.028,9.352,99.0,26.85
01/31/2022 08:30,1.4,2.35,6.45,7.869,101.0,26.9
01/31/2022 09:00,1.372,2.18,6.54,8.533,102.0,26.9
01/31/2022 09:30,1.274,1.78,6.505,8.136,104.0,26.95
01/31/2022 10:00,1.395,2.03,6.461,8.175,106.0,26.95
01/31/2022 10:30,1.313,2.19,6.279,7.9,108.0,27.0
01/31/2022 11:00,1.381,2.25,6.768,10.79,105.0,27.05
01/31/2022 11:30,1.225,3.22,6.142,7.847,102.0,27.15
01/31/2022 12:00,1.212,1.89,6.115,10.317,104.0,27.15
01/31/2022 12:30,1.257,2.39,6.186,10.435,104.0,27.2
01/31/2022 13:00,1.305,2.0,6.543,10.809,105.0,27.2
01/31/2022 13:30,1.327,2.14,6.391,7.809,102.0,27.3
01/31/2022 14:00,1.33,2.45,6.474,7.572,109.0,27.25
01/31/2022 14:30,1.306,2.34,6.45,10.721,101.0,27.25
01/31/2022 15:00,1.438,2.33,6.792,10.506,102.0,27.3
01/31/2022 15:30,1.466,2.38,7.206,10.638,108.0,27.4
01/31/2022 16:00,1.327,2.38,7.153,10.378,104.0,27.35
01/31/2022 16:30,1.287,2.15,6.592,10.744,98.0,27.35
01/31/2022 17:00,1.229,2.16,6.89,10.319,102.0,27.35
01/31/2022 17:30,1.343,2.14,7.327,10.642,105.0,27.2
01/31/2022 18:00,1.354,2.23,7.042,10.361,104.0,27.25
01/31/2022 18:30,1.364,2.03,7.14,10.331,101.0,27.2
01/31/2022 19:00,1.409,2.42,6.937,10.643,106.0,27.2
01/31/2022 19:30,1.485,2.34,7.369,10.348,106.0,27.1
01/31/2022 20:00,1.298,2.29,7.399,10.755,97.0,27.1
01/31/2022 20:30,1.464,2.14,7.643,11.196,111.0,27.05
01/31/2022 21:00,1.51,2.96,7.643,10.885,102.0,27.05
01/31/2022 21:30,1.418,2.24,8.018,10.274,106.0,27.05
01/31/2022 22:00,1.613,2.89,7.968,10.82,104.0,27.0
01/31/2022 22:30,1.662,2.47,8.017,10.777,97.0,27.0
01/31/2022 23:00,1.643,3.26,8.097,10.912,98.0,27.0
01/31/2022 23:30,1.9,3.04,8.481,10.739,106.0,27.0
